tab_entidadecredito_id_entidadecredito;tab_entidadecredito_id_entidade;tab_entidadecredito_id_colaborador;tab_entidadecredito_data;tab_entidadecredito_valor;tab_entidadecredito_obs
1;60;2;"2025-01-03 11:22:11";110.00;"a pagar"
2;31;2;"2025-01-03 13:17:43";1320.00;pix
3;31;2;"2025-01-03 13:17:47";-1320.00;"Uso de crédito no pedido 17"
4;34;2;"2025-01-03 16:25:03";850.00;PIX
5;34;2;"2025-01-03 16:25:47";-850.00;"Uso de crédito no pedido 58"
6;72;2;"2025-01-03 16:43:04";279.00;PIX
7;72;2;"2025-01-03 16:43:09";-279.00;"Uso de crédito no pedido 62"
8;78;2;"2025-01-03 17:15:03";120.00;"CLIENTE JA DEU O DINHEIRO"
9;25;2;"2025-01-03 19:30:58";2040.00;Pix
10;25;2;"2025-01-03 19:31:19";-850.00;"Uso de crédito no pedido 12"
11;25;2;"2025-01-03 19:31:19";-1190.00;"Uso de crédito no pedido 63"
12;81;2;"2025-01-03 19:54:36";70.00;Revenda
13;81;2;"2025-01-03 19:54:48";-70.00;"Uso de crédito no pedido 74"
14;19;2;"2025-01-04 12:31:51";85.00;pix
15;19;2;"2025-01-04 13:09:53";-55.00;"Uso de crédito no pedido 85"
16;19;2;"2025-01-04 13:11:11";-30.00;err
17;60;2;"2025-01-04 13:11:56";-110.00;err
18;34;2;"2025-01-04 13:36:49";850.00;pix
19;34;2;"2025-01-04 13:37:10";-850.00;"Uso de crédito no pedido 90"
20;96;2;"2025-01-04 15:46:42";110.00;pix
21;96;2;"2025-01-04 15:46:45";-110.00;"Uso de crédito no pedido 101"
22;60;2;"2025-01-04 18:42:07";110.00;pix
23;60;2;"2025-01-04 18:42:11";-110.00;"Uso de crédito no pedido 49"
24;31;2;"2025-01-04 18:55:49";1200.00;pix,cartao
25;31;2;"2025-01-04 18:55:59";-1200.00;"Uso de crédito no pedido 57"
26;56;2;"2025-01-04 19:17:49";309.00;pix
27;56;2;"2025-01-04 19:17:54";-309.00;"Uso de crédito no pedido 39"
28;24;2;"2025-01-04 19:38:17";340.00;pix
29;24;2;"2025-01-04 19:41:44";170.00;pix
30;24;2;"2025-01-04 19:43:20";-510.00;"Uso de crédito no pedido 88"
31;19;2;"2025-01-04 20:07:08";85.00;pix
32;19;2;"2025-01-04 20:07:16";-85.00;"Uso de crédito no pedido 109"
33;104;1;"2025-01-05 11:51:12";85.00;Pix
34;104;2;"2025-01-05 11:51:17";-85.00;"Uso de crédito no pedido 116"
35;110;2;"2025-01-06 10:47:49";200.00;pix
36;110;2;"2025-01-06 10:47:54";-200.00;"Uso de crédito no pedido 125"
37;19;2;"2025-01-06 10:48:34";85.00;pix
38;19;2;"2025-01-06 10:48:40";-85.00;"Uso de crédito no pedido 129"
39;56;2;"2025-01-06 13:40:57";103.00;pix
40;56;2;"2025-01-06 13:41:03";-103.00;"Uso de crédito no pedido 112"
41;31;2;"2025-01-06 13:47:56";2357.05;"cartoes caberrao"
42;31;2;"2025-01-06 13:49:15";-2.37;"Uso de crédito no pedido 143"
43;31;2;"2025-01-06 13:49:18";2.37;"Estorno de pagamento do pedido 143"
44;24;2;"2025-01-06 14:45:47";595.00;pix
45;24;2;"2025-01-06 14:46:12";-595.00;"Uso de crédito no pedido 135"
46;31;2;"2025-01-06 17:44:12";2.35;credito
47;31;2;"2025-01-06 17:44:47";-2.37;"Uso de crédito no pedido 143"
48;31;2;"2025-01-06 17:45:00";2.37;"Estorno de pagamento do pedido 143"
49;31;2;"2025-01-06 17:45:14";-2.37;"Uso de crédito no pedido 143"
50;31;2;"2025-01-06 17:45:19";2.37;"Estorno de pagamento do pedido 143"
51;31;2;"2025-01-06 17:46:58";11.00;err
52;31;2;"2025-01-06 17:47:25";-2370.00;"Uso de crédito no pedido 143"
53;121;2;"2025-01-06 17:54:45";86.00;pix
54;121;2;"2025-01-06 17:54:50";-86.00;"Uso de crédito no pedido 145"
55;57;2;"2025-01-07 08:09:27";115.00;pix
56;57;2;"2025-01-07 08:09:31";-115.00;"Uso de crédito no pedido 152"
57;25;2;"2025-01-07 08:36:46";850.00;pix
58;25;2;"2025-01-07 08:36:51";-850.00;"Uso de crédito no pedido 86"
59;25;2;"2025-01-07 08:38:46";850.00;pix
60;25;2;"2025-01-07 08:38:56";-850.00;"Uso de crédito no pedido 134"
61;34;2;"2025-01-07 12:09:31";850.00;pix
62;34;2;"2025-01-07 12:15:10";-850.00;"Uso de crédito no pedido 169"
63;24;2;"2025-01-07 12:27:50";255.00;pix
64;24;2;"2025-01-07 12:28:04";-255.00;"Uso de crédito no pedido 171"
65;31;2;"2025-01-07 14:03:33";-0.40;err
66;31;2;"2025-01-07 14:27:25";1700.00;"pagou debito,credito,pix"
67;31;2;"2025-01-07 14:27:40";-1700.00;"Uso de crédito no pedido 181"
68;121;2;"2025-01-08 08:27:29";86.00;pix
69;121;2;"2025-01-08 08:27:41";-86.00;"Uso de crédito no pedido 199"
70;31;2;"2025-01-08 17:43:41";1530.00;cartões
71;31;2;"2025-01-08 17:44:48";-1426.10;"Uso de crédito no pedido 132"
72;31;2;"2025-01-08 17:45:04";-103.90;"Uso de crédito no pedido 132"
73;138;2;"2025-01-09 08:53:30";170.00;Pix
74;138;2;"2025-01-09 08:53:36";-170.00;"Uso de crédito no pedido 235"
75;121;2;"2025-01-09 09:23:01";86.00;pix
76;121;2;"2025-01-09 09:23:09";-86.00;"Uso de crédito no pedido 206"
77;31;2;"2025-01-09 13:04:11";1325.00;"pix, e cartões"
78;31;2;"2025-01-09 13:04:15";-1325.00;"Uso de crédito no pedido 212"
79;24;2;"2025-01-09 14:01:19";595.00;pix
80;24;2;"2025-01-09 14:01:22";-595.00;"Uso de crédito no pedido 242"
81;138;2;"2025-01-09 16:41:27";170.00;pix
82;138;2;"2025-01-09 16:42:12";-170.00;"Uso de crédito no pedido 258"
83;150;2;"2025-01-09 16:48:20";170.00;pix
84;150;2;"2025-01-09 16:48:26";-170.00;"Uso de crédito no pedido 259"
85;156;2;"2025-01-09 19:46:45";115.00;pix
86;157;2;"2025-01-09 19:48:21";85.00;pix
87;157;2;"2025-01-09 19:48:42";-85.00;"Uso de crédito no pedido 266"
88;138;2;"2025-01-09 19:57:19";170.00;pix
89;138;2;"2025-01-09 19:57:25";-170.00;"Uso de crédito no pedido 267"
90;78;2;"2025-01-09 20:08:05";-120.00;"Uso de crédito no pedido 268"
91;138;2;"2025-01-09 20:13:26";85.00;pix
92;156;2;"2025-01-09 20:46:26";-115.00;"Uso de crédito no pedido 271"
93;121;2;"2025-01-10 08:11:21";86.00;Pix
94;121;2;"2025-01-10 08:11:26";-86.00;"Uso de crédito no pedido 257"
95;30;2;"2025-01-10 12:22:35";170.00;pix
96;30;2;"2025-01-10 12:22:41";-170.00;"Uso de crédito no pedido 279"
97;24;2;"2025-01-10 14:47:53";425.00;pix
98;24;2;"2025-01-10 14:48:03";-425.00;"Uso de crédito no pedido 284"
99;161;2;"2025-01-10 14:56:24";85.00;pix
100;161;2;"2025-01-10 14:56:26";-85.00;"Uso de crédito no pedido 286"
101;162;2;"2025-01-10 15:05:25";120.00;"Já  foi pago"
102;162;2;"2025-01-10 15:05:28";-120.00;"Uso de crédito no pedido 287"
103;19;2;"2025-01-10 18:41:58";170.00;pix
104;19;2;"2025-01-10 18:42:11";-170.00;"Uso de crédito no pedido 294"
105;31;2;"2025-01-10 19:05:13";1165.00;pix
106;31;2;"2025-01-10 19:05:37";-1165.00;"Uso de crédito no pedido 244"
107;138;2;"2025-01-10 20:09:21";-85.00;"Uso de crédito no pedido 299"
108;138;2;"2025-01-10 20:09:54";100.00;dinheiro
109;138;2;"2025-01-10 20:10:01";-100.00;"Uso de crédito no pedido 298"
110;138;2;"2025-01-10 20:10:25";70.00;pix
111;138;2;"2025-01-10 20:10:43";-70.00;"Uso de crédito no pedido 298"
112;138;2;"2025-01-10 20:35:20";85.00;"Estorno de pagamento do pedido 299"
113;33;2;"2025-01-11 08:38:58";850.00;pix
114;33;2;"2025-01-11 08:39:02";-850.00;"Uso de crédito no pedido 172"
115;121;2;"2025-01-11 09:26:20";86.00;pix
116;121;2;"2025-01-11 09:26:25";-86.00;"Uso de crédito no pedido 272"
117;19;2;"2025-01-11 11:29:46";85.00;pix
118;19;2;"2025-01-11 11:29:51";-85.00;"Uso de crédito no pedido 304"
119;19;2;"2025-01-11 11:46:24";85.00;pix
120;19;2;"2025-01-11 11:46:29";-85.00;"Uso de crédito no pedido 306"
121;158;2;"2025-01-11 14:34:02";225.00;pix
122;158;2;"2025-01-11 14:34:07";-225.00;"Uso de crédito no pedido 300"
123;60;2;"2025-01-11 14:59:47";110.00;pix
124;60;2;"2025-01-11 14:59:51";-110.00;"Uso de crédito no pedido 281"
125;31;2;"2025-01-11 15:05:25";955.57;cartoes
126;31;2;"2025-01-11 15:05:31";-955.57;"Uso de crédito no pedido 274"
127;76;2;"2025-01-11 15:57:58";180.00;pix
128;76;2;"2025-01-11 15:58:00";-180.00;"Uso de crédito no pedido 330"
129;121;2;"2025-01-12 09:13:52";172.00;pix
130;121;2;"2025-01-12 09:13:58";-172.00;"Uso de crédito no pedido 334"
131;121;2;"2025-01-12 09:14:35";86.00;pix
132;121;2;"2025-01-12 09:14:38";-86.00;"Uso de crédito no pedido 308"
133;24;2;"2025-01-12 09:27:09";425.00;pix
134;24;2;"2025-01-12 09:27:12";-425.00;"Uso de crédito no pedido 317"
135;182;2;"2025-01-12 11:11:02";120.00;pix
136;182;2;"2025-01-12 11:11:06";-120.00;"Uso de crédito no pedido 343"
137;138;2;"2025-01-12 14:03:45";85.00;pix
138;138;2;"2025-01-12 14:03:50";-170.00;"Uso de crédito no pedido 353"
139;138;2;"2025-01-12 14:31:29";170.00;pix
140;138;2;"2025-01-12 14:31:34";-170.00;"Uso de crédito no pedido 356"
141;138;2;"2025-01-12 15:20:01";285.00;"pix dinheiro caixa fechado . 115 esqueceu de registrar c credito"
142;138;2;"2025-01-12 15:20:08";-285.00;"Uso de crédito no pedido 358"
143;121;2;"2025-01-13 08:24:33";86.00;pix
144;121;2;"2025-01-13 08:24:38";-86.00;"Uso de crédito no pedido 346"
145;121;2;"2025-01-13 08:24:58";86.00;pix
146;121;2;"2025-01-13 08:25:02";-86.00;"Uso de crédito no pedido 349"
147;34;2;"2025-01-13 14:14:23";450.00;pix
148;34;2;"2025-01-13 14:14:29";-450.00;"Uso de crédito no pedido 362"
149;196;2;"2025-01-13 14:37:01";120.00;pix
150;196;2;"2025-01-13 14:37:35";-120.00;"Uso de crédito no pedido 369"
151;56;2;"2025-01-13 14:46:32";206.00;pix
152;56;2;"2025-01-13 14:46:38";-206.00;"Uso de crédito no pedido 282"
153;31;2;"2025-01-13 14:57:20";368.75;pix
154;31;2;"2025-01-13 14:58:20";-368.75;"Uso de crédito no pedido 312"
155;31;2;"2025-01-13 14:59:02";2356.25;cartões
156;31;2;"2025-01-13 14:59:08";-2356.25;"Uso de crédito no pedido 312"
157;200;2;"2025-01-13 19:04:32";85.00;pix
158;200;2;"2025-01-13 19:04:37";-85.00;"Uso de crédito no pedido 373"
159;138;2;"2025-01-13 19:10:26";113.00;pix
160;138;2;"2025-01-13 19:10:29";-113.00;"Uso de crédito no pedido 374"
161;138;2;"2025-01-13 19:11:50";227.00;cartoes
162;138;2;"2025-01-13 19:11:53";-227.00;"Uso de crédito no pedido 374"
163;201;2;"2025-01-14 08:19:48";120.00;pix
164;201;2;"2025-01-14 08:19:58";-120.00;"Uso de crédito no pedido 376"
165;33;2;"2025-01-14 08:42:46";765.00;pix
166;33;2;"2025-01-14 08:43:12";-765.00;"Uso de crédito no pedido 318"
167;24;2;"2025-01-14 12:23:08";425.00;pix
168;24;2;"2025-01-14 12:23:22";-425.00;"Uso de crédito no pedido 381"
169;33;2;"2025-01-14 12:27:41";85.00;pix
170;33;2;"2025-01-14 12:27:43";-85.00;"Uso de crédito no pedido 384"
171;33;2;"2025-01-14 12:27:51";85.00;"Estorno de pagamento do pedido 384"
172;33;2;"2025-01-14 12:28:25";765.00;pix
173;33;2;"2025-01-14 12:28:43";-850.00;"Uso de crédito no pedido 384"
174;117;2;"2025-01-14 12:32:19";1275.00;pix
175;117;2;"2025-01-14 12:32:23";-1275.00;"Uso de crédito no pedido 386"
176;132;2;"2025-01-14 17:02:15";188.00;pix
177;132;2;"2025-01-14 17:02:18";-188.00;"Uso de crédito no pedido 392"
178;121;2;"2025-01-15 09:04:19";86.00;pix
179;121;2;"2025-01-15 09:05:07";-86.00;"Uso de crédito no pedido 397"
180;121;2;"2025-01-15 09:06:14";172.00;pix
181;121;2;"2025-01-15 09:06:17";-172.00;"Uso de crédito no pedido 375"
182;158;2;"2025-01-15 11:34:53";425.00;pix
183;158;2;"2025-01-15 11:34:57";-425.00;"Uso de crédito no pedido 320"
184;31;2;"2025-01-15 12:39:23";790.00;pix
185;31;2;"2025-01-15 12:39:27";-790.00;"Uso de crédito no pedido 377"
186;31;2;"2025-01-15 12:40:04";1785.00;pix
187;31;2;"2025-01-15 12:40:07";-1785.00;"Uso de crédito no pedido 383"
188;215;2;"2025-01-15 13:54:13";90.00;pix
189;215;2;"2025-01-15 13:54:17";-90.00;"Uso de crédito no pedido 422"
190;138;2;"2025-01-15 18:50:47";111.50;"cartao de credito"
191;138;2;"2025-01-15 18:50:50";-111.50;"Uso de crédito no pedido 430"
192;204;2;"2025-01-15 19:46:41";85.00;pix
193;204;2;"2025-01-15 19:46:58";-85.00;"Uso de crédito no pedido 432"
194;11;2;"2025-01-15 19:54:54";120.00;pix
195;11;2;"2025-01-15 19:54:56";-120.00;"Uso de crédito no pedido 433"
196;219;2;"2025-01-15 20:00:48";115.00;pix
197;219;2;"2025-01-15 20:01:15";-115.00;"Uso de crédito no pedido 435"
198;121;2;"2025-01-16 09:28:29";85.00;pix
199;121;2;"2025-01-16 09:28:32";-85.00;"Uso de crédito no pedido 436"
200;34;2;"2025-01-16 09:30:08";850.00;pix
201;34;2;"2025-01-16 09:31:50";-850.00;"Uso de crédito no pedido 438"
202;158;2;"2025-01-16 13:23:28";425.00;pix
203;158;2;"2025-01-16 13:23:32";-425.00;"Uso de crédito no pedido 419"
204;24;2;"2025-01-16 14:44:30";680.00;pix
205;24;2;"2025-01-16 14:44:33";-680.00;"Uso de crédito no pedido 447"
206;31;2;"2025-01-16 15:47:07";1271.30;"pagamento em cartoes"
207;31;2;"2025-01-16 15:47:16";-1271.30;"Uso de crédito no pedido 414"
208;60;2;"2025-01-16 15:58:27";110.00;pix
209;60;2;"2025-01-16 15:58:30";-110.00;"Uso de crédito no pedido 408"
210;231;2;"2025-01-16 19:22:49";120.00;pix
211;231;2;"2025-01-16 19:22:54";-120.00;"Uso de crédito no pedido 468"
212;232;2;"2025-01-17 08:10:03";120.00;pix
213;232;2;"2025-01-17 08:10:05";-120.00;"Uso de crédito no pedido 471"
214;19;2;"2025-01-17 09:46:46";85.00;pix
215;19;2;"2025-01-17 09:46:50";-85.00;"Uso de crédito no pedido 476"
216;121;2;"2025-01-17 13:44:14";86.00;pix
217;121;2;"2025-01-17 13:44:16";-86.00;"Uso de crédito no pedido 445"
218;38;2;"2025-01-17 14:12:15";188.00;pix
219;38;2;"2025-01-17 14:36:43";-188.00;"Uso de crédito no pedido 483"
220;24;2;"2025-01-17 14:45:56";680.00;pix
221;24;2;"2025-01-17 14:45:58";-680.00;"Uso de crédito no pedido 487"
222;31;2;"2025-01-17 14:59:15";588.60;cartoes
223;31;2;"2025-01-17 14:59:18";-588.60;"Uso de crédito no pedido 448"
224;31;2;"2025-01-17 14:59:53";941.40;pix
225;31;2;"2025-01-17 14:59:58";-941.40;"Uso de crédito no pedido 448"
226;138;2;"2025-01-17 15:16:20";170.00;pix
227;138;2;"2025-01-17 15:16:25";-170.00;"Uso de crédito no pedido 491"
228;240;2;"2025-01-17 16:07:37";120.00;pix
229;240;2;"2025-01-17 16:07:39";-120.00;"Uso de crédito no pedido 493"
230;138;2;"2025-01-17 16:36:36";170.00;pix
231;138;2;"2025-01-17 16:36:38";-170.00;"Uso de crédito no pedido 494"
232;157;2;"2025-01-17 17:27:53";85.00;pix
233;157;2;"2025-01-17 17:27:56";-85.00;"Uso de crédito no pedido 496"
234;121;2;"2025-01-18 07:59:11";172.00;pix
235;121;2;"2025-01-18 07:59:21";-172.00;"Uso de crédito no pedido 501"
236;158;2;"2025-01-18 12:09:50";425.00;pix
237;158;2;"2025-01-18 12:09:53";-425.00;"Uso de crédito no pedido 454"
238;245;2;"2025-01-18 12:24:11";120.00;pix
239;245;2;"2025-01-18 12:24:13";-120.00;"Uso de crédito no pedido 512"
240;34;2;"2025-01-18 13:03:16";250.00;pix
241;34;2;"2025-01-18 13:03:18";-250.00;"Uso de crédito no pedido 518"
242;31;2;"2025-01-18 13:14:29";81.68;pix
243;31;2;"2025-01-18 13:14:32";-81.68;"Uso de crédito no pedido 484"
244;31;2;"2025-01-18 13:14:59";1403.32;cartões
245;31;2;"2025-01-18 13:15:03";-1403.32;"Uso de crédito no pedido 484"
246;157;2;"2025-01-18 13:21:35";340.00;pix
247;157;2;"2025-01-18 13:21:52";-340.00;"Uso de crédito no pedido 528"
248;60;2;"2025-01-18 17:40:26";110.00;pix
249;60;2;"2025-01-18 17:40:32";-110.00;"Uso de crédito no pedido 502"
250;138;2;"2025-01-18 17:46:47";116.50;"cartao maquininha"
251;138;2;"2025-01-18 17:46:51";-116.50;"Uso de crédito no pedido 542"
252;138;2;"2025-01-18 17:51:00";53.50;pix
253;138;2;"2025-01-18 17:51:05";-53.50;"Uso de crédito no pedido 542"
254;157;2;"2025-01-18 19:05:53";85.00;"pix no dia 17-01 e registramos como edson"
255;157;2;"2025-01-18 19:05:55";-85.00;"Uso de crédito no pedido 545"
256;138;2;"2025-01-19 12:09:23";150.00;pix
257;138;2;"2025-01-19 12:09:25";-150.00;"Uso de crédito no pedido 555"
258;254;2;"2025-01-19 14:26:41";100.00;pix
259;254;2;"2025-01-19 14:26:49";-100.00;"Uso de crédito no pedido 562"
260;121;2;"2025-01-19 14:55:27";516.00;Pix
261;121;2;"2025-01-19 14:55:49";-86.00;"Uso de crédito no pedido 532"
262;121;2;"2025-01-19 14:55:49";-86.00;"Uso de crédito no pedido 535"
263;121;2;"2025-01-19 14:55:49";-86.00;"Uso de crédito no pedido 538"
264;121;2;"2025-01-19 14:55:49";-86.00;"Uso de crédito no pedido 539"
265;121;2;"2025-01-19 14:55:49";-86.00;"Uso de crédito no pedido 540"
266;121;2;"2025-01-19 14:55:49";-86.00;"Uso de crédito no pedido 543"
267;56;2;"2025-01-19 14:56:29";309.00;pix
268;56;2;"2025-01-19 14:56:44";-309.00;"Uso de crédito no pedido 506"
269;256;2;"2025-01-20 10:09:46";115.00;pix
270;256;2;"2025-01-20 10:09:49";-115.00;"Uso de crédito no pedido 566"
271;24;2;"2025-01-20 12:19:13";765.00;pix
272;24;2;"2025-01-20 12:19:15";-765.00;"Uso de crédito no pedido 574"
273;33;2;"2025-01-20 12:22:12";450.00;pix
274;33;2;"2025-01-20 12:22:13";-450.00;"Uso de crédito no pedido 575"
275;258;2;"2025-01-20 13:02:40";120.00;pix
276;258;2;"2025-01-20 13:02:43";-120.00;"Uso de crédito no pedido 578"
277;31;2;"2025-01-20 13:44:01";1053.33;pix
278;31;2;"2025-01-20 13:44:06";-1053.33;"Uso de crédito no pedido 517"
279;31;2;"2025-01-20 13:44:39";2271.67;cartoes
280;31;2;"2025-01-20 13:44:41";-2271.67;"Uso de crédito no pedido 517"
281;132;2;"2025-01-20 13:50:57";282.00;pix
282;132;2;"2025-01-20 13:51:01";-282.00;"Uso de crédito no pedido 568"
283;46;2;"2025-01-20 13:58:33";120.00;pix
284;46;2;"2025-01-20 13:58:35";-120.00;"Uso de crédito no pedido 581"
285;46;2;"2025-01-20 14:25:31";120.00;"Estorno de pagamento do pedido 581"
286;158;2;"2025-01-20 16:15:18";500.00;dinheiro
287;138;2;"2025-01-20 19:35:22";115.80;"cartão maquininha"
288;138;2;"2025-01-20 19:40:17";-115.80;"Uso de crédito no pedido 588"
289;138;2;"2025-01-20 19:45:21";224.20;pix
290;138;2;"2025-01-20 19:45:31";-224.20;"Uso de crédito no pedido 588"
291;19;2;"2025-01-20 19:58:19";170.00;pix
292;19;2;"2025-01-20 19:58:27";-170.00;"Uso de crédito no pedido 590"
293;2;2;"2025-01-20 20:29:14";100.00;"pix venda douglas"
294;2;2;"2025-01-20 20:29:16";-100.00;"Uso de crédito no pedido 591"
295;48;2;"2025-01-21 08:39:46";115.00;pix
296;48;2;"2025-01-21 08:39:48";-115.00;"Uso de crédito no pedido 594"
297;48;2;"2025-01-21 09:38:46";115.00;pix
298;48;2;"2025-01-21 09:38:48";-115.00;"Uso de crédito no pedido 599"
299;81;2;"2025-01-21 10:46:23";85.00;pix
300;81;2;"2025-01-21 10:46:28";-85.00;"Uso de crédito no pedido 600"
301;121;2;"2025-01-21 10:47:28";86.00;pix
302;121;2;"2025-01-21 10:47:30";-86.00;"Uso de crédito no pedido 589"
303;19;2;"2025-01-21 11:52:23";85.00;pix
304;19;2;"2025-01-21 11:52:46";-85.00;"Uso de crédito no pedido 603"
305;31;2;"2025-01-21 12:37:31";807.82;cartoes
306;31;2;"2025-01-21 12:37:37";-807.82;"Uso de crédito no pedido 569"
307;31;2;"2025-01-21 12:37:55";47.18;pix
308;31;2;"2025-01-21 12:37:58";-47.18;"Uso de crédito no pedido 569"
309;263;2;"2025-01-21 18:06:04";120.00;pix
310;263;2;"2025-01-21 18:06:08";-120.00;"Uso de crédito no pedido 623"
311;138;2;"2025-01-21 18:42:37";118.20;"cartão debito maquininha"
312;138;2;"2025-01-21 18:42:41";-118.20;"Uso de crédito no pedido 624"
313;138;2;"2025-01-21 18:43:02";51.80;pix
314;138;2;"2025-01-21 18:44:44";-51.80;"Uso de crédito no pedido 624"
315;24;2;"2025-01-21 18:45:39";340.00;pix
316;24;2;"2025-01-21 18:45:42";-340.00;"Uso de crédito no pedido 610"
317;157;2;"2025-01-21 18:55:24";255.00;pix
318;157;2;"2025-01-21 18:55:26";-255.00;"Uso de crédito no pedido 625"
319;72;2;"2025-01-21 19:00:24";180.00;pix
320;72;2;"2025-01-21 19:00:26";-180.00;"Uso de crédito no pedido 611"
321;138;2;"2025-01-21 19:18:47";85.00;pix
322;138;2;"2025-01-21 19:25:51";-85.00;"Uso de crédito no pedido 628"
323;121;2;"2025-01-21 20:19:19";258.00;pix
324;121;2;"2025-01-21 20:19:21";-258.00;"Uso de crédito no pedido 561"
325;162;2;"2025-01-21 20:39:16";120.00;"Estorno de pagamento do pedido 287"
326;46;2;"2025-01-21 20:43:04";-120.00;errado
327;104;2;"2025-01-22 12:58:34";85.00;pix
328;104;2;"2025-01-22 12:58:37";-85.00;"Uso de crédito no pedido 642"
329;158;2;"2025-01-22 13:08:43";-500.00;"Uso de crédito no pedido 524"
330;34;2;"2025-01-22 13:20:04";720.00;pix
331;34;2;"2025-01-22 13:20:06";-720.00;"Uso de crédito no pedido 645"
332;120;2;"2025-01-22 13:24:08";425.00;pix
333;120;2;"2025-01-22 13:24:11";-425.00;"Uso de crédito no pedido 649"
334;121;2;"2025-01-22 14:41:31";172.00;pix
335;121;2;"2025-01-22 14:41:41";-172.00;"Uso de crédito no pedido 606"
336;24;2;"2025-01-22 15:15:17";425.00;pix
337;24;2;"2025-01-22 15:15:19";-425.00;"Uso de crédito no pedido 520"
338;104;2;"2025-01-22 18:40:01";85.00;pix
339;104;2;"2025-01-22 18:40:05";-85.00;"Uso de crédito no pedido 661"
340;81;2;"2025-01-22 20:52:31";85.00;pix
341;81;2;"2025-01-22 20:52:36";-85.00;"Uso de crédito no pedido 668"
342;121;2;"2025-01-23 08:59:02";86.00;pix
343;121;2;"2025-01-23 08:59:05";-86.00;"Uso de crédito no pedido 656"
344;121;2;"2025-01-23 08:59:47";86.00;pix
345;121;2;"2025-01-23 08:59:49";-86.00;"Uso de crédito no pedido 655"
346;225;2;"2025-01-23 09:18:48";170.00;pix
347;225;2;"2025-01-23 09:18:50";-170.00;"Uso de crédito no pedido 669"
348;104;2;"2025-01-23 12:36:20";85.00;pix
349;104;2;"2025-01-23 12:36:25";-85.00;"Uso de crédito no pedido 673"
350;31;2;"2025-01-23 13:23:05";1275.00;cartão
351;31;2;"2025-01-23 13:23:09";-1275.00;"Uso de crédito no pedido 607"
352;31;2;"2025-01-23 13:25:15";397.64;cartão
353;31;2;"2025-01-23 13:25:20";-397.64;"Uso de crédito no pedido 644"
354;31;2;"2025-01-23 13:26:04";467.36;pix
355;31;2;"2025-01-23 13:26:12";-467.36;"Uso de crédito no pedido 644"
356;60;2;"2025-01-23 15:24:30";110.00;pix
357;60;2;"2025-01-23 15:24:33";-110.00;"Uso de crédito no pedido 639"
358;42;1;"2025-01-23 16:46:41";3045.00;"Pagou em dinheiro"
359;42;2;"2025-01-23 17:25:41";-105.00;"Uso de crédito no pedido 28"
360;42;2;"2025-01-23 17:25:41";-105.00;"Uso de crédito no pedido 61"
361;42;2;"2025-01-23 17:25:41";-105.00;"Uso de crédito no pedido 91"
362;42;2;"2025-01-23 17:25:41";-420.00;"Uso de crédito no pedido 138"
363;42;2;"2025-01-23 17:25:41";-210.00;"Uso de crédito no pedido 174"
364;42;2;"2025-01-23 17:25:41";-210.00;"Uso de crédito no pedido 217"
365;42;2;"2025-01-23 17:25:41";-105.00;"Uso de crédito no pedido 248"
366;42;2;"2025-01-23 17:25:41";-315.00;"Uso de crédito no pedido 278"
367;42;2;"2025-01-23 17:25:41";-210.00;"Uso de crédito no pedido 319"
368;42;2;"2025-01-23 17:25:41";-210.00;"Uso de crédito no pedido 365"
369;42;2;"2025-01-23 17:25:41";-315.00;"Uso de crédito no pedido 388"
370;42;2;"2025-01-23 17:25:41";-105.00;"Uso de crédito no pedido 417"
371;42;2;"2025-01-23 17:25:42";-210.00;"Uso de crédito no pedido 452"
372;42;2;"2025-01-23 17:25:42";-105.00;"Uso de crédito no pedido 522"
373;42;2;"2025-01-23 17:25:42";-315.00;"Uso de crédito no pedido 576"
374;223;2;"2025-01-23 18:38:47";180.00;pix
375;223;2;"2025-01-23 18:39:19";-180.00;"Uso de crédito no pedido 678"
376;138;2;"2025-01-24 09:15:33";170.00;pix
377;138;2;"2025-01-24 09:15:38";-170.00;"Uso de crédito no pedido 690"
378;121;2;"2025-01-24 10:30:31";86.00;PIX
379;121;2;"2025-01-24 10:31:43";-86.00;"Uso de crédito no pedido 671"
380;277;2;"2025-01-24 11:41:48";120.00;PIX
381;277;2;"2025-01-24 11:41:51";-120.00;"Uso de crédito no pedido 692"
382;31;2;"2025-01-24 11:56:59";930.95;CARTOES
383;31;2;"2025-01-24 11:57:22";-930.95;"Uso de crédito no pedido 693"
384;31;2;"2025-01-24 11:58:00";4.05;pix
385;31;2;"2025-01-24 11:58:02";-4.05;"Uso de crédito no pedido 693"
386;282;2;"2025-01-24 13:51:02";120.00;pix
387;282;2;"2025-01-24 13:51:11";-120.00;"Uso de crédito no pedido 699"
388;24;2;"2025-01-24 14:24:30";425.00;pix
389;24;2;"2025-01-24 14:24:33";-425.00;"Uso de crédito no pedido 695"
390;287;2;"2025-01-25 09:54:56";120.00;pix
391;287;2;"2025-01-25 09:54:59";-120.00;"Uso de crédito no pedido 714"
392;289;2;"2025-01-25 10:07:18";115.00;pix
393;289;2;"2025-01-25 10:07:19";-115.00;"Uso de crédito no pedido 718"
394;121;2;"2025-01-25 10:08:38";86.00;pix
395;121;2;"2025-01-25 10:08:40";-86.00;"Uso de crédito no pedido 691"
396;121;2;"2025-01-25 10:12:19";172.00;pix
397;121;2;"2025-01-25 10:12:21";-172.00;"Uso de crédito no pedido 705"
398;157;2;"2025-01-25 10:27:55";85.00;pix
399;157;2;"2025-01-25 10:27:57";-85.00;"Uso de crédito no pedido 719"
400;40;2;"2025-01-25 15:05:33";174.00;pix
401;40;2;"2025-01-25 15:05:35";-174.00;"Uso de crédito no pedido 711"
402;30;2;"2025-01-25 15:06:22";340.00;pix
403;30;2;"2025-01-25 15:06:24";-340.00;"Uso de crédito no pedido 731"
404;31;2;"2025-01-25 15:50:50";850.00;cartões
405;31;2;"2025-01-25 15:50:52";-850.00;"Uso de crédito no pedido 674"
406;31;2;"2025-01-25 15:51:30";16.02;"cartões que passou do dia 24-01-25"
407;117;2;"2025-01-25 16:38:44";1230.00;pix
408;117;2;"2025-01-25 16:38:46";-1230.00;"Uso de crédito no pedido 730"
409;56;2;"2025-01-25 17:17:24";103.00;pix
410;56;2;"2025-01-25 17:17:26";-103.00;"Uso de crédito no pedido 707"
411;56;2;"2025-01-25 17:18:13";103.00;pix
412;56;2;"2025-01-25 17:18:15";-103.00;"Uso de crédito no pedido 743"
413;19;2;"2025-01-25 19:33:42";55.00;pix
414;19;2;"2025-01-25 19:33:44";-55.00;"Uso de crédito no pedido 746"
415;138;2;"2025-01-25 20:20:18";85.00;"PAGOU NA AMQUININHA DEPOIS DO HORARIO"
416;138;2;"2025-01-25 20:20:20";-85.00;"Uso de crédito no pedido 748"
417;121;2;"2025-01-26 11:02:28";172.00;pix
418;121;2;"2025-01-26 11:02:30";-172.00;"Uso de crédito no pedido 741"
419;19;2;"2025-01-26 11:35:02";85.00;pix
420;19;2;"2025-01-26 11:35:04";-85.00;"Uso de crédito no pedido 753"
421;225;2;"2025-01-26 12:11:24";125.45;cartao
422;225;2;"2025-01-26 12:11:28";-125.45;"Uso de crédito no pedido 759"
423;225;2;"2025-01-26 12:13:40";44.55;pix
424;225;2;"2025-01-26 12:13:42";-44.55;"Uso de crédito no pedido 759"
425;225;2;"2025-01-26 12:33:00";170.00;pix
426;225;2;"2025-01-26 12:33:02";-170.00;"Uso de crédito no pedido 760"
427;299;2;"2025-01-26 12:46:38";120.00;pix
428;299;2;"2025-01-26 12:46:40";-120.00;"Uso de crédito no pedido 761"
429;121;2;"2025-01-27 08:10:01";85.00;pix
430;121;2;"2025-01-27 08:10:03";-85.00;"Uso de crédito no pedido 766"
431;121;2;"2025-01-27 08:10:32";85.00;pix
432;121;2;"2025-01-27 08:10:37";-85.00;"Uso de crédito no pedido 767"
433;301;2;"2025-01-27 10:36:52";120.00;pix
434;301;2;"2025-01-27 10:36:57";-120.00;"Uso de crédito no pedido 770"
435;138;2;"2025-01-27 13:01:03";170.00;pix
436;138;2;"2025-01-27 13:01:06";-170.00;"Uso de crédito no pedido 782"
437;33;2;"2025-01-27 13:40:56";850.00;pix
438;33;2;"2025-01-27 13:41:09";-850.00;"Uso de crédito no pedido 729"
439;110;2;"2025-01-27 15:52:53";200.00;pix
440;110;2;"2025-01-27 15:52:55";-200.00;"Uso de crédito no pedido 784"
441;60;2;"2025-01-27 18:11:49";110.00;pix
442;60;2;"2025-01-27 18:12:04";-110.00;"Uso de crédito no pedido 712"
443;138;2;"2025-01-27 19:10:10";170.00;pix
444;138;2;"2025-01-27 19:10:12";-170.00;"Uso de crédito no pedido 798"
445;158;2;"2025-01-28 10:41:24";850.00;pix
446;158;2;"2025-01-28 10:41:26";-850.00;"Uso de crédito no pedido 648"
447;157;2;"2025-01-28 10:48:08";170.00;pix
448;157;2;"2025-01-28 10:48:28";-170.00;"Uso de crédito no pedido 815"
449;24;2;"2025-01-28 10:54:21";850.00;pix
450;24;2;"2025-01-28 10:54:23";-850.00;"Uso de crédito no pedido 776"
451;308;2;"2025-01-28 11:26:29";90.00;pix
452;308;2;"2025-01-28 11:26:33";-90.00;"Uso de crédito no pedido 820"
453;81;2;"2025-01-28 12:56:42";85.00;pix
454;81;2;"2025-01-28 12:57:28";-85.00;"Uso de crédito no pedido 825"
455;311;2;"2025-01-28 14:31:50";120.00;pago
456;144;2;"2025-01-28 15:20:24";120.00;pix
457;144;2;"2025-01-28 15:20:26";-120.00;"Uso de crédito no pedido 830"
458;305;2;"2025-01-28 15:47:00";100.00;"ja deixou pago"
459;69;2;"2025-01-28 19:06:41";120.00;pix
460;69;2;"2025-01-28 19:06:43";-120.00;"Uso de crédito no pedido 842"
461;138;2;"2025-01-28 19:22:14";170.00;pix
462;138;2;"2025-01-28 19:22:17";-170.00;"Uso de crédito no pedido 843"
463;40;2;"2025-01-28 19:47:29";600.00;"comprou 5 botijoes"
464;40;2;"2025-01-28 19:49:50";-261.00;"Uso de crédito no pedido 844"
465;138;2;"2025-01-28 19:53:07";100.00;pix
466;138;2;"2025-01-28 19:53:23";-100.00;"Uso de crédito no pedido 845"
467;25;2;"2025-01-29 11:11:51";250.00;pix
468;25;2;"2025-01-29 11:11:54";-250.00;"Uso de crédito no pedido 854"
469;25;2;"2025-01-29 11:17:50";250.00;"Estorno de pagamento do pedido 854"
470;25;2;"2025-01-29 11:18:18";-250.00;"Uso de crédito no pedido 854"
471;31;2;"2025-01-29 11:30:58";634.55;pix
472;31;2;"2025-01-29 11:31:04";-634.00;"Uso de crédito no pedido 817"
473;31;2;"2025-01-29 11:31:10";634.00;"Estorno de pagamento do pedido 817"
474;31;2;"2025-01-29 11:31:34";0.55;pix
475;31;2;"2025-01-29 11:31:48";-634.55;"Uso de crédito no pedido 817"
476;31;2;"2025-01-29 11:32:26";265.45;cartão
477;31;2;"2025-01-29 11:32:29";-265.45;"Uso de crédito no pedido 817"
478;31;2;"2025-01-29 11:33:38";1700.00;cartões
479;31;2;"2025-01-29 11:33:41";-1700.00;"Uso de crédito no pedido 774"
480;121;2;"2025-01-29 12:00:59";85.00;pix
481;121;2;"2025-01-29 12:01:01";-85.00;"Uso de crédito no pedido 824"
482;121;2;"2025-01-29 12:01:21";85.00;pix
483;121;2;"2025-01-29 12:01:23";-85.00;"Uso de crédito no pedido 762"
484;19;2;"2025-01-29 13:02:51";255.00;pix
485;19;2;"2025-01-29 13:02:58";-255.00;"Uso de crédito no pedido 866"
486;122;2;"2025-01-29 17:24:36";115.00;pix
487;122;2;"2025-01-29 17:24:39";-115.00;"Uso de crédito no pedido 873"
488;138;2;"2025-01-29 18:10:31";160.00;pix
489;138;2;"2025-01-29 18:10:33";-160.00;"Uso de crédito no pedido 876"
490;19;2;"2025-01-29 18:22:56";85.00;pix
491;19;2;"2025-01-29 18:22:58";-85.00;"Uso de crédito no pedido 877"
492;19;2;"2025-01-29 18:30:27";85.00;pix
493;19;2;"2025-01-29 18:30:28";-85.00;"Uso de crédito no pedido 878"
494;121;2;"2025-01-30 09:29:44";255.00;pix
495;121;2;"2025-01-30 09:29:47";-85.00;"Uso de crédito no pedido 869"
496;121;2;"2025-01-30 09:29:57";-85.00;"Uso de crédito no pedido 850"
497;121;2;"2025-01-30 09:30:13";-85.00;"Uso de crédito no pedido 848"
498;158;2;"2025-01-30 11:51:52";500.00;pix
499;158;2;"2025-01-30 11:51:54";-500.00;"Uso de crédito no pedido 732"
500;31;2;"2025-01-30 11:56:31";1344.77;cartoes
501;31;2;"2025-01-30 11:56:36";-1344.77;"Uso de crédito no pedido 853"
502;31;2;"2025-01-30 11:57:01";55.23;pix
503;31;2;"2025-01-30 11:57:03";-55.23;"Uso de crédito no pedido 853"
504;311;2;"2025-01-30 13:39:12";-120.00;"Uso de crédito no pedido 897"
505;138;2;"2025-01-30 14:03:09";70.00;pix
506;138;2;"2025-01-30 14:03:40";-70.00;"Uso de crédito no pedido 901"
507;318;2;"2025-01-30 15:43:41";120.00;pix
508;318;2;"2025-01-30 15:43:44";-120.00;"Uso de crédito no pedido 902"
509;121;2;"2025-01-30 16:50:49";85.00;pix
510;121;2;"2025-01-30 16:50:51";-85.00;"Uso de crédito no pedido 880"
511;121;2;"2025-01-30 16:52:29";85.00;pix
512;116;2;"2025-01-30 17:19:09";95.00;pix
513;116;2;"2025-01-30 17:19:11";-95.00;"Uso de crédito no pedido 882"
514;72;2;"2025-01-30 17:42:06";180.00;pix
515;72;2;"2025-01-30 17:42:09";-180.00;"Uso de crédito no pedido 861"
516;19;2;"2025-01-30 19:54:49";85.00;pix
517;19;2;"2025-01-30 19:54:51";-85.00;"Uso de crédito no pedido 907"
518;51;2;"2025-01-31 10:17:21";115.00;pix
519;51;2;"2025-01-31 10:17:23";-115.00;"Uso de crédito no pedido 920"
520;320;2;"2025-01-31 10:45:13";110.00;pix
521;320;2;"2025-01-31 10:45:15";-110.00;"Uso de crédito no pedido 923"
522;223;1;"2025-01-31 11:01:57";180.00;"Recebi dinheiro da Ivone e acabou pagando como pix"
523;223;1;"2025-01-31 11:01:58";-180.00;"Uso de crédito no pedido 860"
524;24;2;"2025-01-31 11:16:51";425.00;pix
525;24;2;"2025-01-31 11:16:53";-425.00;"Uso de crédito no pedido 927"
526;149;2;"2025-01-31 11:26:51";680.00;pix
527;149;2;"2025-01-31 11:26:53";-680.00;"Uso de crédito no pedido 931"
528;157;2;"2025-01-31 12:54:51";85.00;pix
529;157;2;"2025-01-31 12:55:49";-85.00;"Uso de crédito no pedido 937"
530;121;2;"2025-01-31 13:18:29";-85.00;"Uso de crédito no pedido 906"
531;121;2;"2025-01-31 13:18:49";85.00;pix
532;121;2;"2025-01-31 13:18:51";-85.00;"Uso de crédito no pedido 908"
533;31;2;"2025-01-31 13:50:23";737.75;pix
534;31;2;"2025-01-31 13:50:26";-737.75;"Uso de crédito no pedido 888"
535;31;2;"2025-01-31 13:53:04";832.25;cartões
536;31;2;"2025-01-31 13:53:06";-832.25;"Uso de crédito no pedido 888"
537;24;2;"2025-01-31 14:09:23";425.00;pix
538;24;2;"2025-01-31 14:09:27";-425.00;"Uso de crédito no pedido 728"
539;110;2;"2025-01-31 16:28:25";200.00;pix
540;110;2;"2025-01-31 16:28:28";-200.00;"Uso de crédito no pedido 938"
541;320;2;"2025-01-31 16:29:11";110.00;"Estorno de pagamento do pedido 923"
542;322;2;"2025-01-31 18:18:46";60.00;dinheiro
543;2;2;"2025-01-31 18:37:20";115.00;PIX
544;2;2;"2025-01-31 18:37:22";-115.00;"Uso de crédito no pedido 950"
545;2;2;"2025-01-31 18:39:10";115.00;"Estorno de pagamento do pedido 950"
546;15;2;"2025-01-31 18:40:36";120.00;pix
547;15;2;"2025-01-31 18:40:38";-120.00;"Uso de crédito no pedido 951"
548;157;2;"2025-01-31 19:43:54";85.00;pix
549;157;2;"2025-01-31 19:43:58";-85.00;"Uso de crédito no pedido 957"
550;320;2;"2025-01-31 19:48:03";110.00;pix
551;320;2;"2025-01-31 19:48:05";-110.00;"Uso de crédito no pedido 923"
552;48;2;"2025-01-31 19:48:25";95.00;pix
553;48;2;"2025-01-31 19:48:27";-95.00;"Uso de crédito no pedido 926"
554;157;2;"2025-02-01 10:32:23";85.00;pix
555;157;2;"2025-02-01 10:32:32";-85.00;"Uso de crédito no pedido 961"
556;204;2;"2025-02-01 10:33:18";85.00;pix
557;204;2;"2025-02-01 10:33:20";-85.00;"Uso de crédito no pedido 962"
558;158;2;"2025-02-01 11:55:17";275.00;pix
559;158;2;"2025-02-01 11:55:19";-275.00;"Uso de crédito no pedido 969"
560;25;2;"2025-02-01 12:28:02";2000.00;"dinheiro 2.000"
561;152;2;"2025-02-01 12:39:34";120.00;pix
562;152;2;"2025-02-01 12:39:51";-120.00;"Uso de crédito no pedido 981"
563;31;2;"2025-02-01 13:27:28";222.13;pix
564;31;2;"2025-02-01 13:28:16";-222.13;"Uso de crédito no pedido 929"
565;31;2;"2025-02-01 13:29:00";952.87;cartoes
566;31;2;"2025-02-01 13:33:44";-969.44;errado
567;31;2;"2025-02-01 13:35:42";222.13;"Estorno de pagamento do pedido 929"
568;31;2;"2025-02-01 13:37:14";-222.13;errado
569;31;2;"2025-02-01 13:40:08";952.87;cartões
570;31;2;"2025-02-01 13:40:12";-952.87;"Uso de crédito no pedido 987"
571;31;2;"2025-02-01 13:40:31";222.13;pix
572;198;2;"2025-02-01 14:38:52";25.00;pix
573;198;2;"2025-02-01 14:38:54";-25.00;"Uso de crédito no pedido 989"
574;138;2;"2025-02-01 15:15:05";70.00;pix
575;138;2;"2025-02-01 15:15:19";-70.00;"Uso de crédito no pedido 990"
576;19;2;"2025-02-01 15:22:36";85.00;pix
577;19;2;"2025-02-01 15:22:45";-85.00;"Uso de crédito no pedido 959"
578;225;2;"2025-02-01 16:19:53";170.00;pix
579;225;2;"2025-02-01 16:19:55";-170.00;"Uso de crédito no pedido 993"
580;60;2;"2025-02-01 18:39:01";110.00;pix
581;60;2;"2025-02-01 18:39:04";-110.00;"Uso de crédito no pedido 909"
582;157;2;"2025-02-01 19:08:21";85.00;pix
583;157;2;"2025-02-01 19:14:56";-85.00;"Uso de crédito no pedido 996"
584;24;2;"2025-02-01 20:04:03";850.00;pix
585;24;2;"2025-02-01 20:04:05";-850.00;"Uso de crédito no pedido 967"
586;31;2;"2025-02-01 20:13:22";952.87;"Estorno de pagamento do pedido 987"
587;31;2;"2025-02-01 20:17:58";-952.87;"Uso de crédito no pedido 998"
588;31;2;"2025-02-01 20:18:12";-222.13;"Uso de crédito no pedido 998"
589;121;1;"2025-02-02 11:01:08";170.00;pix
590;121;2;"2025-02-02 11:01:23";-85.00;"Uso de crédito no pedido 964"
591;121;2;"2025-02-02 11:01:24";-85.00;"Uso de crédito no pedido 980"
592;121;1;"2025-02-02 12:57:29";85.00;Pix
593;121;2;"2025-02-02 14:14:40";-85.00;"Uso de crédito no pedido 986"
594;1;1;"2025-02-02 14:40:42";115.00;"cliente pagou em dinheiro portaria"
595;1;2;"2025-02-02 14:40:43";-115.00;"Uso de crédito no pedido 1015"
596;19;1;"2025-02-02 15:44:34";85.00;pix
597;19;1;"2025-02-02 15:44:36";-85.00;"Uso de crédito no pedido 1016"
598;304;2;"2025-02-03 08:33:46";70.00;pix
599;304;2;"2025-02-03 08:33:49";-70.00;"Uso de crédito no pedido 1017"
600;31;2;"2025-02-03 11:49:40";2844.82;pix
601;31;2;"2025-02-03 11:49:47";-2844.82;"Uso de crédito no pedido 970"
602;56;2;"2025-02-03 12:06:24";300.00;pix
603;56;2;"2025-02-03 12:06:26";-300.00;"Uso de crédito no pedido 958"
604;40;2;"2025-02-03 12:28:08";-87.00;"Uso de crédito no pedido 1035"
605;116;2;"2025-02-03 12:30:00";95.00;pix
606;116;2;"2025-02-03 12:30:02";-95.00;"Uso de crédito no pedido 1036"
607;116;2;"2025-02-03 12:31:37";95.00;"Estorno de pagamento do pedido 1036"
608;19;170;"2025-02-03 15:51:16";85.00;"Pix Dori confirmou"
609;19;170;"2025-02-03 15:51:24";-85.00;"Uso de crédito no pedido 1042"
610;121;2;"2025-02-03 17:09:22";85.00;pix
611;121;2;"2025-02-03 17:09:25";-85.00;"Uso de crédito no pedido 1012"
612;121;2;"2025-02-03 17:10:01";85.00;pix
613;121;2;"2025-02-03 17:10:03";-85.00;"Uso de crédito no pedido 1002"
614;338;1;"2025-02-03 17:22:01";110.00;Pix
615;338;1;"2025-02-03 17:22:02";-110.00;"Uso de crédito no pedido 1047"
616;19;2;"2025-02-03 17:28:39";85.00;pix
617;19;2;"2025-02-03 17:28:41";-85.00;"Uso de crédito no pedido 1041"
618;138;2;"2025-02-03 17:30:09";113.27;pix
619;138;2;"2025-02-03 17:30:11";-113.27;"Uso de crédito no pedido 1048"
620;138;2;"2025-02-03 17:33:06";56.73;pix
621;138;2;"2025-02-03 17:33:11";-56.73;"Uso de crédito no pedido 1048"
622;138;2;"2025-02-03 17:33:13";113.27;"Estorno de pagamento do pedido 1048"
623;138;2;"2025-02-03 17:33:50";113.27;"cartao credito maquininha"
624;138;2;"2025-02-03 17:34:08";226.54;errado
625;138;2;"2025-02-03 17:34:28";-453.08;errado
626;138;2;"2025-02-03 17:34:33";56.73;"Estorno de pagamento do pedido 1048"
627;138;2;"2025-02-03 17:34:42";-56.73;"Uso de crédito no pedido 1048"
628;138;2;"2025-02-03 17:35:16";113.27;pix
629;138;2;"2025-02-03 17:35:19";-113.27;"Uso de crédito no pedido 1048"
630;337;2;"2025-02-03 18:17:10";120.00;pix
631;337;2;"2025-02-03 18:17:13";-120.00;"Uso de crédito no pedido 1046"
632;116;2;"2025-02-03 19:01:49";-95.00;"Uso de crédito no pedido 1036"
633;19;2;"2025-02-03 19:43:50";85.00;"Estorno de pagamento do pedido 1041"
634;121;2;"2025-02-04 09:14:44";170.00;pix
635;121;2;"2025-02-04 09:14:53";-170.00;"Uso de crédito no pedido 1027"
636;121;2;"2025-02-04 09:15:41";85.00;pix
637;121;2;"2025-02-04 09:15:44";-85.00;"Uso de crédito no pedido 1043"
638;121;2;"2025-02-04 09:16:20";85.00;pix
639;121;2;"2025-02-04 09:16:23";-85.00;"Uso de crédito no pedido 1044"
640;24;2;"2025-02-04 09:17:23";850.00;pix
641;24;2;"2025-02-04 09:17:37";-850.00;"Uso de crédito no pedido 1028"
642;157;2;"2025-02-04 10:09:42";85.00;pix
643;157;2;"2025-02-04 10:09:44";-85.00;"Uso de crédito no pedido 1062"
644;158;2;"2025-02-04 11:39:43";425.00;pix
645;158;2;"2025-02-04 11:39:45";-425.00;"Uso de crédito no pedido 890"
646;25;2;"2025-02-04 11:48:35";500.00;dinheiro
647;25;2;"2025-02-04 11:48:54";-2500.00;"Uso de crédito no pedido 968"
648;25;2;"2025-02-04 11:49:09";50.00;dinheiro
649;25;2;"2025-02-04 11:49:13";-50.00;"Uso de crédito no pedido 968"
650;31;2;"2025-02-04 12:04:17";837.07;cartões
651;31;2;"2025-02-04 12:04:20";-837.07;"Uso de crédito no pedido 1031"
652;31;2;"2025-02-04 12:04:35";512.93;pix
653;31;2;"2025-02-04 12:04:37";-512.93;"Uso de crédito no pedido 1031"
654;120;2;"2025-02-04 16:12:34";850.00;pix
655;120;2;"2025-02-04 16:12:39";-850.00;"Uso de crédito no pedido 1075"
656;350;170;"2025-02-04 18:37:45";120.00;pix
657;350;170;"2025-02-04 18:37:50";-120.00;"Uso de crédito no pedido 1082"
658;138;170;"2025-02-04 19:05:56";110.97;pix
659;138;170;"2025-02-04 19:06:40";-110.97;"Uso de crédito no pedido 1086"
660;138;170;"2025-02-04 19:06:43";110.97;"Estorno de pagamento do pedido 1086"
661;138;170;"2025-02-04 19:07:11";-110.97;"Uso de crédito no pedido 1086"
662;138;170;"2025-02-04 19:08:31";110.97;pix
663;138;170;"2025-02-04 19:08:59";110.97;"Estorno de pagamento do pedido 1086"
664;138;170;"2025-02-04 19:09:32";-110.97;"Uso de crédito no pedido 1086"
665;138;170;"2025-02-04 19:27:56";170.00;pix
666;138;170;"2025-02-04 19:28:22";-170.00;"Uso de crédito no pedido 1090"
667;352;170;"2025-02-04 19:51:56";120.00;pix
668;352;170;"2025-02-04 19:52:06";-120.00;"Uso de crédito no pedido 1091"
669;138;1;"2025-02-04 20:26:57";-110.97;"Colocou duplicado"
670;157;170;"2025-02-04 20:28:25";170.00;pix
671;157;170;"2025-02-04 20:28:27";-170.00;"Uso de crédito no pedido 1094"
672;138;170;"2025-02-04 20:36:54";110.97;"Estorno de pagamento do pedido 1086"
673;138;170;"2025-02-04 20:37:48";59.03;pix
674;138;170;"2025-02-04 20:38:03";-170.00;"Uso de crédito no pedido 1095"
675;110;2;"2025-02-05 11:14:53";100.00;pix
676;110;2;"2025-02-05 11:14:56";-100.00;"Uso de crédito no pedido 1107"
677;40;2;"2025-02-05 11:40:57";-87.00;"Uso de crédito no pedido 1110"
678;158;2;"2025-02-05 14:09:04";500.00;pix
679;158;2;"2025-02-05 14:09:06";-500.00;"Uso de crédito no pedido 1066"
680;60;2;"2025-02-05 16:34:47";110.00;pix
681;60;2;"2025-02-05 16:35:52";-110.00;"Uso de crédito no pedido 1061"
682;157;2;"2025-02-05 19:14:06";170.00;pix
683;157;2;"2025-02-05 19:14:07";-170.00;"Uso de crédito no pedido 1144"
684;369;2;"2025-02-05 20:04:23";120.00;pix
685;369;2;"2025-02-05 20:04:25";-120.00;"Uso de crédito no pedido 1147"
686;138;2;"2025-02-05 20:05:34";170.00;pix
687;138;2;"2025-02-05 20:05:36";-170.00;"Uso de crédito no pedido 1148"
688;110;2;"2025-02-06 08:12:29";100.00;pix
689;110;2;"2025-02-06 08:12:31";-100.00;"Uso de crédito no pedido 1149"
690;31;2;"2025-02-06 08:50:11";1307.47;cartões
691;31;2;"2025-02-06 08:50:13";-1307.47;"Uso de crédito no pedido 1067"
692;31;2;"2025-02-06 08:51:14";392.53;pix
693;31;2;"2025-02-06 08:51:16";-392.53;"Uso de crédito no pedido 1067"
694;24;2;"2025-02-06 09:53:55";765.00;pix
695;24;2;"2025-02-06 09:53:59";-765.00;"Uso de crédito no pedido 1124"
696;121;2;"2025-02-06 09:57:30";170.00;pix
697;121;2;"2025-02-06 09:57:33";-170.00;"Uso de crédito no pedido 1058"
698;121;2;"2025-02-06 09:57:58";85.00;pix
699;121;2;"2025-02-06 09:58:01";-85.00;"Uso de crédito no pedido 1076"
700;121;2;"2025-02-06 09:59:17";85.00;pix
701;121;2;"2025-02-06 09:59:19";-85.00;"Uso de crédito no pedido 1120"
702;371;1;"2025-02-06 10:41:15";110.00;Pix
703;371;1;"2025-02-06 10:41:15";-110.00;"Uso de crédito no pedido 1155"
704;121;2;"2025-02-06 10:44:47";85.00;pix
705;121;2;"2025-02-06 10:44:49";-85.00;"Uso de crédito no pedido 1134"
706;377;2;"2025-02-06 17:39:17";120.00;pix
707;377;2;"2025-02-06 17:39:22";-120.00;"Uso de crédito no pedido 1173"
708;357;2;"2025-02-06 18:03:54";120.00;pix
709;357;2;"2025-02-06 18:03:57";-120.00;"Uso de crédito no pedido 1175"
710;19;2;"2025-02-06 19:40:53";-85.00;errado
711;138;2;"2025-02-06 19:42:51";100.00;pix
712;138;2;"2025-02-06 19:42:54";-100.00;"Uso de crédito no pedido 1181"
713;6;2;"2025-02-06 20:19:15";100.00;dinheiro
714;6;2;"2025-02-06 20:19:28";-100.00;"Uso de crédito no pedido 1182"
715;2;2;"2025-02-06 20:19:59";-115.00;"Uso de crédito no pedido 1183"
716;381;2;"2025-02-07 10:54:56";120.00;pix
717;381;2;"2025-02-07 10:55:01";-120.00;"Uso de crédito no pedido 1188"
718;223;2;"2025-02-07 11:51:32";180.00;pix
719;31;2;"2025-02-07 12:17:03";2642.77;cartoes
720;31;2;"2025-02-07 12:19:06";-1200.00;"Uso de crédito no pedido 1201"
721;31;2;"2025-02-07 12:19:38";257.23;pix
722;31;2;"2025-02-07 12:19:41";-1700.00;"Uso de crédito no pedido 1126"
723;117;2;"2025-02-07 12:24:59";1660.00;pix
724;117;2;"2025-02-07 12:25:03";-1660.00;"Uso de crédito no pedido 1160"
725;121;2;"2025-02-07 12:30:21";170.00;pix
726;121;2;"2025-02-07 12:30:23";-85.00;"Uso de crédito no pedido 1177"
727;121;2;"2025-02-07 12:31:11";-85.00;"Uso de crédito no pedido 1172"
728;121;2;"2025-02-07 12:31:59";85.00;pix
729;121;2;"2025-02-07 12:32:01";-85.00;"Uso de crédito no pedido 1145"
730;223;2;"2025-02-07 12:34:09";-180.00;"Uso de crédito no pedido 1195"
731;110;2;"2025-02-07 12:48:11";100.00;pix
732;110;2;"2025-02-07 12:48:13";-100.00;"Uso de crédito no pedido 1200"
733;117;2;"2025-02-07 13:34:02";1640.00;pix
734;117;2;"2025-02-07 13:34:11";1660.00;"Estorno de pagamento do pedido 1160"
735;19;2;"2025-02-07 14:03:25";170.00;pix
736;19;2;"2025-02-07 14:03:27";-170.00;"Uso de crédito no pedido 1209"
737;138;170;"2025-02-07 14:18:24";170.00;pix
738;138;2;"2025-02-07 14:18:27";-170.00;"Uso de crédito no pedido 1210"
739;117;170;"2025-02-07 15:40:45";-3300.00;"não sei pq ficou esse valor todo"
740;117;170;"2025-02-07 15:41:02";1640.00;"fez pix"
741;389;170;"2025-02-07 16:35:37";120.00;pix
742;389;170;"2025-02-07 16:35:39";-120.00;"Uso de crédito no pedido 1217"
743;19;170;"2025-02-07 17:08:06";85.00;pix
744;19;170;"2025-02-07 17:08:08";-85.00;"Uso de crédito no pedido 1220"
745;138;170;"2025-02-07 17:41:03";85.00;pix
746;138;170;"2025-02-07 17:41:05";-85.00;"Uso de crédito no pedido 1224"
747;117;170;"2025-02-07 17:44:54";-1640.00;"Uso de crédito no pedido 1160"
748;138;170;"2025-02-07 18:52:57";85.00;pix
749;138;170;"2025-02-07 18:53:35";-85.00;"Uso de crédito no pedido 1226"
750;24;2;"2025-02-08 08:16:23";340.00;pix
751;24;2;"2025-02-08 08:16:26";-340.00;"Uso de crédito no pedido 1231"
752;121;2;"2025-02-08 08:33:58";85.00;pix
753;121;2;"2025-02-08 08:34:00";-85.00;"Uso de crédito no pedido 1204"
754;121;2;"2025-02-08 08:34:37";85.00;pix
755;121;2;"2025-02-08 08:34:39";-85.00;"Uso de crédito no pedido 1208"
756;41;2;"2025-02-08 09:26:44";95.00;pix
757;30;2;"2025-02-08 12:35:07";340.00;pix
758;30;2;"2025-02-08 12:35:09";-340.00;"Uso de crédito no pedido 1252"
759;138;2;"2025-02-08 12:51:07";170.00;pix
760;138;2;"2025-02-08 12:51:10";-170.00;"Uso de crédito no pedido 1256"
761;138;2;"2025-02-08 13:04:33";70.00;pix
762;138;2;"2025-02-08 13:04:35";-70.00;"Uso de crédito no pedido 1259"
763;304;2;"2025-02-08 13:06:55";90.00;pix
764;304;2;"2025-02-08 13:06:57";-90.00;"Uso de crédito no pedido 1254"
765;60;2;"2025-02-08 16:52:10";110.00;pix
766;60;2;"2025-02-08 16:52:14";-110.00;"Uso de crédito no pedido 1186"
767;24;2;"2025-02-09 09:02:43";170.00;pix
768;24;2;"2025-02-09 09:02:45";-170.00;"Uso de crédito no pedido 1249"
769;41;2;"2025-02-09 09:05:51";95.00;pix
770;121;2;"2025-02-09 09:09:08";85.00;pix
771;121;2;"2025-02-09 09:09:10";-85.00;"Uso de crédito no pedido 1255"
772;121;2;"2025-02-09 09:09:31";85.00;pix
773;121;2;"2025-02-09 09:09:32";-85.00;"Uso de crédito no pedido 1265"
774;56;2;"2025-02-09 13:11:55";200.00;pix
775;56;2;"2025-02-09 13:11:58";-200.00;"Uso de crédito no pedido 1218"
776;56;2;"2025-02-09 13:12:24";200.00;pix
777;56;2;"2025-02-09 13:12:27";-100.00;"Uso de crédito no pedido 1275"
778;56;2;"2025-02-09 13:12:36";-100.00;"Uso de crédito no pedido 1283"
779;19;2;"2025-02-09 13:33:27";85.00;pix
780;19;2;"2025-02-09 13:33:29";-85.00;"Uso de crédito no pedido 1303"
781;157;2;"2025-02-09 14:00:25";85.00;pix
782;157;2;"2025-02-09 14:06:20";-85.00;"Uso de crédito no pedido 1305"
783;2;2;"2025-02-09 14:37:22";230.00;debito
784;2;2;"2025-02-09 14:37:27";-230.00;"Uso de crédito no pedido 1307"
785;121;2;"2025-02-10 08:24:19";340.00;"pix -"
786;33;2;"2025-02-10 09:09:17";850.00;pix
787;33;2;"2025-02-10 09:09:21";-680.00;"Uso de crédito no pedido 1038"
788;158;2;"2025-02-10 11:12:37";200.00;pix
789;158;2;"2025-02-10 11:12:40";-200.00;"Uso de crédito no pedido 1122"
790;121;2;"2025-02-10 11:24:17";255.00;pix
791;121;2;"2025-02-10 11:27:49";-85.00;"Uso de crédito no pedido 1281"
792;121;2;"2025-02-10 11:28:33";-85.00;"Uso de crédito no pedido 1285"
793;121;2;"2025-02-10 11:28:42";-85.00;"Uso de crédito no pedido 1302"
794;121;2;"2025-02-10 11:28:54";-85.00;"Uso de crédito no pedido 1294"
795;121;2;"2025-02-10 11:29:08";-170.00;"Uso de crédito no pedido 1298"
796;121;2;"2025-02-10 11:29:23";-85.00;"Uso de crédito no pedido 1306"
797;40;2;"2025-02-10 11:53:01";-165.00;"Uso de crédito no pedido 1311"
798;30;2;"2025-02-10 11:58:53";340.00;pix
799;30;2;"2025-02-10 11:58:55";-340.00;"Uso de crédito no pedido 1313"
800;121;2;"2025-02-10 12:19:14";85.00;pix
801;121;2;"2025-02-10 12:19:16";-85.00;"Uso de crédito no pedido 1179"
802;19;2;"2025-02-10 12:48:17";85.00;pix
803;19;2;"2025-02-10 12:48:19";-85.00;"Uso de crédito no pedido 1316"
804;417;170;"2025-02-10 16:03:46";120.00;pix
805;417;170;"2025-02-10 16:03:51";-120.00;"Uso de crédito no pedido 1322"
806;157;170;"2025-02-10 19:09:23";85.00;PIX
807;157;170;"2025-02-10 19:09:46";-85.00;"Uso de crédito no pedido 1331"
808;138;170;"2025-02-10 19:35:04";70.00;"parte do pagamento em pix"
809;138;170;"2025-02-10 19:35:15";-70.00;"Uso de crédito no pedido 1333"
810;41;170;"2025-02-11 08:16:39";95.00;pix
811;41;170;"2025-02-11 08:16:42";-285.00;"Uso de crédito no pedido 1232"
812;121;170;"2025-02-11 08:19:44";340.00;pix
813;121;170;"2025-02-11 08:19:47";-85.00;"Uso de crédito no pedido 1323"
814;121;170;"2025-02-11 08:20:13";-85.00;"Uso de crédito no pedido 1327"
815;121;170;"2025-02-11 08:20:22";-85.00;"Uso de crédito no pedido 1329"
816;121;170;"2025-02-11 08:20:32";-85.00;"Uso de crédito no pedido 1330"
817;31;2;"2025-02-11 11:04:07";3145.00;"cartoes pix dinheiro"
818;31;2;"2025-02-11 11:04:08";-3145.00;"Uso de crédito no pedido 724"
819;31;2;"2025-02-11 11:12:17";2992.89;cartoes
820;31;2;"2025-02-11 11:12:27";-2992.89;"Uso de crédito no pedido 1251"
821;31;2;"2025-02-11 11:15:28";1105.00;cartoes
822;31;2;"2025-02-11 11:15:30";-1105.00;"Uso de crédito no pedido 1293"
823;24;2;"2025-02-11 11:23:33";765.00;pix
824;24;2;"2025-02-11 11:23:35";-765.00;"Uso de crédito no pedido 1309"
825;425;2;"2025-02-11 11:50:12";120.00;pix
826;425;2;"2025-02-11 11:50:19";-120.00;"Uso de crédito no pedido 1349"
827;31;2;"2025-02-11 12:56:58";1613.45;cartoes
828;31;2;"2025-02-11 12:57:01";-1613.45;"Uso de crédito no pedido 1344"
829;158;2;"2025-02-11 14:33:09";200.00;pix
830;158;2;"2025-02-11 14:33:12";-200.00;"Uso de crédito no pedido 1355"
831;30;2;"2025-02-11 15:12:18";255.00;pix
832;30;2;"2025-02-11 15:12:19";-255.00;"Uso de crédito no pedido 1358"
833;24;2;"2025-02-11 17:11:18";595.00;pix
834;24;2;"2025-02-11 17:11:21";-595.00;"Uso de crédito no pedido 1364"
835;198;2;"2025-02-11 18:42:54";425.00;"pagou em dinheiro"
836;198;2;"2025-02-11 18:42:57";-425.00;"Uso de crédito no pedido 1359"
837;76;2;"2025-02-11 18:44:11";270.00;"pagou em dinheiro"
838;76;2;"2025-02-11 18:44:14";-270.00;"Uso de crédito no pedido 1368"
839;138;2;"2025-02-11 19:20:09";113.27;"cartao debito"
840;138;2;"2025-02-11 19:20:13";-113.27;"Uso de crédito no pedido 1371"
841;19;2;"2025-02-12 11:12:48";85.00;pix
842;19;2;"2025-02-12 11:13:11";-85.00;"Uso de crédito no pedido 1380"
843;121;2;"2025-02-12 11:18:39";170.00;pix
844;121;2;"2025-02-12 11:18:42";-85.00;"Uso de crédito no pedido 1336"
845;121;2;"2025-02-12 11:18:51";-85.00;"Uso de crédito no pedido 1367"
846;31;2;"2025-02-12 12:15:01";691.55;cartoes
847;31;2;"2025-02-12 12:15:05";-691.55;"Uso de crédito no pedido 1357"
848;116;2;"2025-02-12 14:37:05";95.00;pix
849;116;2;"2025-02-12 14:37:08";-95.00;"Uso de crédito no pedido 1386"
850;25;2;"2025-02-12 14:54:11";3400.00;"pagou em dinheiro 12-02-25"
851;25;2;"2025-02-12 14:55:23";-3400.00;erro
852;25;2;"2025-02-12 15:48:08";3000.00;"deu 3mil em dinheiro"
853;442;2;"2025-02-12 18:59:21";120.00;pix
854;442;2;"2025-02-12 18:59:23";-120.00;"Uso de crédito no pedido 1402"
855;24;2;"2025-02-12 19:09:13";340.00;pix
856;24;2;"2025-02-12 19:09:16";-340.00;"Uso de crédito no pedido 1400"
857;225;2;"2025-02-12 19:46:15";226.77;cartoes
858;225;2;"2025-02-12 19:46:18";-226.77;"Uso de crédito no pedido 1404"
859;225;2;"2025-02-12 19:46:53";226.77;"Estorno de pagamento do pedido 1404"
860;225;2;"2025-02-12 19:47:16";-226.77;errado
861;225;2;"2025-02-12 19:47:34";226.75;"cartoes de credito"
862;225;2;"2025-02-12 19:47:37";-226.75;"Uso de crédito no pedido 1404"
863;225;2;"2025-02-12 19:49:13";28.25;pix
864;225;2;"2025-02-12 19:49:15";-28.25;"Uso de crédito no pedido 1404"
865;157;2;"2025-02-13 09:42:48";170.00;pix
866;157;2;"2025-02-13 09:42:50";-170.00;"Uso de crédito no pedido 1408"
867;151;2;"2025-02-13 09:44:04";100.00;pix
868;151;2;"2025-02-13 09:44:10";-100.00;"Uso de crédito no pedido 1409"
869;60;2;"2025-02-13 17:15:34";110.00;pix
870;60;2;"2025-02-13 17:15:36";-110.00;"Uso de crédito no pedido 1339"
871;121;2;"2025-02-14 09:31:51";170.00;pix
872;121;2;"2025-02-14 09:31:59";-85.00;"Uso de crédito no pedido 1412"
873;121;2;"2025-02-14 09:32:10";-85.00;"Uso de crédito no pedido 1420"
874;19;2;"2025-02-14 10:01:35";85.00;pix
875;19;2;"2025-02-14 10:01:38";-85.00;"Uso de crédito no pedido 1424"
876;31;2;"2025-02-14 10:16:17";1189.70;cartoes
877;31;2;"2025-02-14 10:16:28";-1189.70;"Uso de crédito no pedido 1390"
878;31;2;"2025-02-14 10:20:03";682.50;cartoes
879;31;2;"2025-02-14 10:20:08";-682.50;"Uso de crédito no pedido 1348"
880;223;2;"2025-02-14 12:27:58";180.00;pix
881;223;2;"2025-02-14 12:28:00";-180.00;"Uso de crédito no pedido 1431"
882;25;2;"2025-02-14 13:51:27";-3000.00;"Uso de crédito no pedido 1397"
883;110;2;"2025-02-14 15:30:20";100.00;pix
884;110;2;"2025-02-14 15:30:59";-100.00;"Uso de crédito no pedido 1433"
885;451;2;"2025-02-14 16:15:06";120.00;pix
886;451;2;"2025-02-14 16:15:08";-120.00;"Uso de crédito no pedido 1437"
887;454;2;"2025-02-14 19:03:51";120.00;pix
888;454;2;"2025-02-14 19:04:01";-120.00;"Uso de crédito no pedido 1443"
889;121;2;"2025-02-15 09:36:40";85.00;pix
890;121;2;"2025-02-15 09:36:41";-85.00;"Uso de crédito no pedido 1438"
891;56;2;"2025-02-15 10:09:12";300.00;pix
892;56;2;"2025-02-15 10:10:18";-200.00;"Uso de crédito no pedido 1440"
893;56;2;"2025-02-15 10:10:29";-100.00;"Uso de crédito no pedido 1318"
894;150;2;"2025-02-15 10:23:38";170.00;pix
895;150;2;"2025-02-15 10:23:40";-170.00;"Uso de crédito no pedido 1457"
896;198;2;"2025-02-15 10:32:12";665.00;pix
897;198;2;"2025-02-15 10:32:19";-665.00;"Uso de crédito no pedido 1456"
898;24;2;"2025-02-15 12:33:15";496.00;pix
899;24;2;"2025-02-15 12:33:53";-496.00;"Uso de crédito no pedido 1435"
900;25;2;"2025-02-15 12:39:58";1275.00;"no dinheiro"
901;31;2;"2025-02-15 12:52:27";868.00;pix
902;31;2;"2025-02-15 12:52:29";-868.00;"Uso de crédito no pedido 1445"
903;31;2;"2025-02-15 12:52:38";868.00;"Estorno de pagamento do pedido 1445"
904;31;2;"2025-02-15 12:54:01";0.05;pix
905;31;2;"2025-02-15 12:54:12";-868.05;"Uso de crédito no pedido 1445"
906;31;2;"2025-02-15 12:55:25";496.95;cartoes
907;31;2;"2025-02-15 12:55:26";-496.95;"Uso de crédito no pedido 1445"
908;290;2;"2025-02-15 16:25:12";190.00;pix
909;290;2;"2025-02-15 16:25:15";-190.00;"Uso de crédito no pedido 1446"
910;56;2;"2025-02-15 16:44:13";100.00;pix
911;56;2;"2025-02-15 16:44:31";-100.00;"Uso de crédito no pedido 1473"
912;24;2;"2025-02-15 20:15:49";425.00;pix
913;24;2;"2025-02-15 20:15:50";-425.00;"Uso de crédito no pedido 1483"
914;468;170;"2025-02-16 09:08:06";760.00;pix
915;468;170;"2025-02-16 09:08:09";-760.00;"Uso de crédito no pedido 1485"
916;304;170;"2025-02-16 10:29:25";90.00;pix
917;304;170;"2025-02-16 10:29:28";-90.00;"Uso de crédito no pedido 1484"
918;110;170;"2025-02-16 10:44:21";100.00;pix
919;110;170;"2025-02-16 10:44:24";-100.00;"Uso de crédito no pedido 1488"
920;473;170;"2025-02-16 11:54:15";120.00;pix
921;473;170;"2025-02-16 11:54:18";-120.00;"Uso de crédito no pedido 1491"
922;157;1;"2025-02-16 15:22:11";170.00;Pix
923;157;1;"2025-02-16 15:22:13";-170.00;"Uso de crédito no pedido 1498"
924;121;170;"2025-02-16 15:45:00";170.00;pix
925;121;170;"2025-02-16 15:45:01";-85.00;"Uso de crédito no pedido 1481"
926;121;170;"2025-02-16 15:45:24";-85.00;"Uso de crédito no pedido 1467"
927;476;170;"2025-02-17 08:43:04";120.00;pix
928;476;170;"2025-02-17 08:43:06";-120.00;"Uso de crédito no pedido 1499"
929;31;170;"2025-02-17 09:18:10";85.00;cartoes
930;31;170;"2025-02-17 09:18:14";-85.00;"Uso de crédito no pedido 1454"
931;31;170;"2025-02-17 09:21:22";2900.00;"Pix 280,73 ---- Cartões"
932;31;170;"2025-02-17 09:21:25";-2900.00;"Uso de crédito no pedido 1465"
933;33;170;"2025-02-17 09:25:06";-170.00;"Uso de crédito no pedido 1314"
934;33;170;"2025-02-17 09:25:18";680.00;pix
935;33;170;"2025-02-17 09:25:19";-680.00;"Uso de crédito no pedido 1314"
936;109;2;"2025-02-17 10:53:52";103.00;pix
937;109;2;"2025-02-17 10:53:54";-103.00;"Uso de crédito no pedido 1502"
938;25;2;"2025-02-17 11:10:52";-1275.00;"Uso de crédito no pedido 1464"
939;25;2;"2025-02-17 11:11:51";850.00;"pagou em dinheiro o resante 850,00"
940;25;2;"2025-02-17 11:11:53";-850.00;"Uso de crédito no pedido 1464"
941;478;2;"2025-02-17 12:29:29";80.00;pix
942;478;2;"2025-02-17 12:29:31";-80.00;"Uso de crédito no pedido 1510"
943;24;2;"2025-02-17 16:16:55";595.00;pix
944;24;2;"2025-02-17 16:16:57";-595.00;"Uso de crédito no pedido 1508"
945;60;2;"2025-02-17 17:56:32";110.00;pix
946;60;2;"2025-02-17 17:56:36";-110.00;"Uso de crédito no pedido 1426"
947;138;2;"2025-02-17 18:57:51";85.00;pix
948;138;2;"2025-02-17 18:57:53";-85.00;"Uso de crédito no pedido 1518"
949;104;2;"2025-02-17 19:16:59";85.00;pix
950;104;2;"2025-02-17 19:17:02";-85.00;"Uso de crédito no pedido 1519"
951;194;2;"2025-02-17 19:35:26";85.00;"pix-- comprou no sabado"
952;194;2;"2025-02-17 19:35:28";-85.00;"Uso de crédito no pedido 1521"
953;121;2;"2025-02-18 07:53:38";85.00;pix
954;121;2;"2025-02-18 07:53:40";-85.00;"Uso de crédito no pedido 1496"
955;121;2;"2025-02-18 07:53:56";85.00;pix
956;121;2;"2025-02-18 07:53:58";-85.00;"Uso de crédito no pedido 1497"
957;31;2;"2025-02-18 09:21:29";957.70;cartões
958;31;2;"2025-02-18 09:25:23";-957.70;"Uso de crédito no pedido 1500"
959;495;170;"2025-02-18 17:07:56";120.00;pix
960;495;2;"2025-02-18 17:08:00";-120.00;"Uso de crédito no pedido 1545"
961;157;170;"2025-02-18 19:08:32";85.00;pix
962;157;170;"2025-02-18 19:08:36";-85.00;"Uso de crédito no pedido 1548"
963;305;2;"2025-02-19 09:45:36";-100.00;"Uso de crédito no pedido 1557"
964;30;2;"2025-02-19 15:34:44";1100.00;"vasilhames pagou em pix"
965;30;2;"2025-02-19 16:28:52";-660.00;"Uso de crédito no pedido 1571"
966;30;2;"2025-02-19 17:31:29";-330.00;"Uso de crédito no pedido 1573"
967;138;2;"2025-02-19 18:22:01";123.12;cartoes
968;138;2;"2025-02-19 18:22:03";-123.12;"Uso de crédito no pedido 1576"
969;30;2;"2025-02-19 19:21:38";330.00;"Estorno de pagamento do pedido 1573"
970;30;2;"2025-02-19 19:23:50";-440.00;"Uso de crédito no pedido 1571"
971;31;2;"2025-02-21 09:09:50";820.20;"cartões Crédito e Débito"
972;31;2;"2025-02-21 09:09:53";-820.20;"Uso de crédito no pedido 1597"
973;162;2;"2025-02-22 09:23:51";-120.00;"Uso de crédito no pedido 1634"
974;31;2;"2025-02-22 11:38:25";1119.90;pix
975;31;2;"2025-02-22 11:38:28";-1119.90;"Uso de crédito no pedido 1539"
976;523;2;"2025-02-22 12:17:23";15.00;"pagou a mais"
977;523;2;"2025-02-22 12:17:30";-15.00;"Uso de crédito no pedido 1646"
978;31;2;"2025-02-24 09:13:40";1700.00;cartões
979;31;2;"2025-02-24 09:13:44";-1700.00;"Uso de crédito no pedido 1613"
980;31;2;"2025-02-24 09:15:16";1253.10;cartões
981;31;2;"2025-02-24 09:15:19";-1253.10;"Uso de crédito no pedido 1644"
982;138;2;"2025-02-24 11:30:50";120.62;cartao
983;138;2;"2025-02-24 11:30:52";-120.62;"Uso de crédito no pedido 1705"
984;138;2;"2025-02-24 11:32:01";120.62;"Estorno de pagamento do pedido 1705"
985;138;2;"2025-02-24 11:32:25";0.02;err
986;138;2;"2025-02-24 11:32:52";-0.04;errado
987;138;2;"2025-02-24 11:32:57";-120.60;"Uso de crédito no pedido 1705"
988;60;1;"2025-02-24 20:59:28";110.00;Pix
989;60;1;"2025-02-24 20:59:30";-110.00;"Uso de crédito no pedido 1627"
990;305;1;"2025-02-24 21:08:05";120.00;"Cartao de crédito depois que fechou o caixa"
991;305;1;"2025-02-24 21:08:06";-120.00;"Uso de crédito no pedido 1726"
992;31;2;"2025-02-25 08:59:56";923.75;cartões
993;31;2;"2025-02-25 08:59:59";-923.75;"Uso de crédito no pedido 1680"
994;516;2;"2025-02-26 08:49:15";120.00;"Deixou pago 120,00 para quando acabar o gás"
995;31;2;"2025-02-26 09:42:04";822.29;cartões
996;31;2;"2025-02-26 09:42:06";-822.29;"Uso de crédito no pedido 1696"
997;31;2;"2025-02-27 09:05:51";955.57;Cartões
998;31;2;"2025-02-27 09:05:53";-955.57;"Uso de crédito no pedido 1730"
999;138;2;"2025-02-27 09:28:40";110.97;cartão
1000;138;2;"2025-02-27 09:28:43";-110.97;"Uso de crédito no pedido 1786"
1001;31;2;"2025-02-28 10:44:33";692.35;cartões
1002;31;2;"2025-02-28 10:44:36";-692.35;"Uso de crédito no pedido 1756"
1003;569;2;"2025-02-28 13:09:09";120.00;dinheiro
1004;569;2;"2025-03-01 08:22:27";-120.00;errado
1005;31;2;"2025-03-01 17:13:23";938.27;cartoes
1006;31;2;"2025-03-01 17:13:25";-938.27;"Uso de crédito no pedido 1785"
1007;25;2;"2025-03-01 18:15:46";2800.00;"pagou em dinheiro 2800 dia 01-03-25 caminhao josuel e doriedson"
1008;290;2;"2025-03-01 20:05:46";255.00;"pagou no pix --- 255"
1009;290;170;"2025-03-03 08:12:30";-255.00;pix
1010;290;170;"2025-03-03 08:13:18";285.00;"pagou no pix 01-03-2025"
1011;290;170;"2025-03-03 08:13:21";-285.00;"Uso de crédito no pedido 1879"
1012;31;170;"2025-03-03 09:21:55";350.00;cartões
1013;31;170;"2025-03-03 09:21:58";-350.00;"Uso de crédito no pedido 1813"
1014;25;2;"2025-03-03 11:00:27";855.00;"restante de dinheiro 855,00"
1015;25;2;"2025-03-03 11:00:31";-3655.00;"Uso de crédito no pedido 1857"
1016;40;2;"2025-03-03 11:19:16";13.00;"deu 100  nao tinha troco"
1017;158;2;"2025-03-03 14:10:33";85.00;"pagou em dinheiro no sabado"
1018;158;2;"2025-03-03 14:10:39";-85.00;"Uso de crédito no pedido 1922"
1019;31;2;"2025-03-04 08:53:31";1933.07;cartões
1020;31;2;"2025-03-04 08:54:00";-1933.07;"Uso de crédito no pedido 1854"
1021;31;2;"2025-03-04 09:36:04";859.47;cartões
1022;31;2;"2025-03-04 09:36:06";-859.47;"Uso de crédito no pedido 1901"
1023;31;2;"2025-03-05 10:00:33";1189.30;cartões
1024;31;2;"2025-03-05 10:01:27";-1189.30;"Uso de crédito no pedido 1939"
1025;138;170;"2025-03-05 16:20:15";128.05;cartoes
1026;138;170;"2025-03-05 16:20:25";-128.05;"Uso de crédito no pedido 1963"
1027;138;170;"2025-03-05 16:20:37";128.05;"Estorno de pagamento do pedido 1963"
1028;138;170;"2025-03-05 16:21:50";-128.05;remoção
1029;138;170;"2025-03-05 16:22:02";128.10;cartoes
1030;138;170;"2025-03-05 16:22:12";-128.10;"Uso de crédito no pedido 1963"
1031;138;170;"2025-03-05 16:23:05";128.10;"Estorno de pagamento do pedido 1963"
1032;138;170;"2025-03-05 16:23:51";-0.10;remoção
1033;138;170;"2025-03-05 16:24:03";-128.00;"Uso de crédito no pedido 1963"
1034;31;2;"2025-03-06 09:20:57";702.00;cartões
1035;31;2;"2025-03-06 09:20:59";-702.00;"Uso de crédito no pedido 1952"
1036;613;2;"2025-03-06 09:59:09";120.00;"pagou em dinheiro"
1037;75;2;"2025-03-06 19:46:09";400.00;"deu em dinheiro"
1038;31;2;"2025-03-07 08:51:20";829.92;cartões
1039;31;2;"2025-03-07 08:51:23";-829.92;"Uso de crédito no pedido 1970"
1040;158;2;"2025-03-07 14:55:00";425.00;"pagou no pix dia 07/03/2025"
1041;75;2;"2025-03-07 18:01:16";25.00;"pagou 400 dia 06/03 e 25,00 dia 07/03"
1042;75;2;"2025-03-07 18:01:18";-425.00;"Uso de crédito no pedido 1991"
1043;25;2;"2025-03-08 13:04:52";3300.00;"deu em dinheiro 3300 dia 08-03-25"
1044;31;2;"2025-03-08 13:14:04";812.75;cartões
1045;31;2;"2025-03-08 13:14:06";-812.75;"Uso de crédito no pedido 1993"
1046;24;170;"2025-03-09 08:34:57";850.00;pix
1047;24;170;"2025-03-09 08:35:01";-850.00;"Uso de crédito no pedido 2057"
1048;24;170;"2025-03-09 10:53:40";850.00;"Estorno de pagamento do pedido 2057"
1049;24;170;"2025-03-09 10:54:12";-850.00;"Uso de crédito no pedido 2057"
1050;56;170;"2025-03-10 09:10:08";200.00;"Fez pix dia 09-03-25"
1051;56;170;"2025-03-10 09:10:10";-200.00;"Uso de crédito no pedido 2054"
1052;56;170;"2025-03-10 09:10:34";100.00;"fez pix dia 09-03-25"
1053;56;170;"2025-03-10 09:10:36";-100.00;"Uso de crédito no pedido 2016"
1054;31;170;"2025-03-10 09:23:09";3157.37;cartões
1055;31;170;"2025-03-10 09:24:56";-3157.37;"Uso de crédito no pedido 2044"
1056;158;170;"2025-03-10 09:32:06";425.00;"pix dia 10-03-25"
1057;158;170;"2025-03-10 09:32:10";-850.00;"Uso de crédito no pedido 1858"
1058;25;170;"2025-03-10 10:48:52";25.00;"mateus pagou 25,00 em dinheiro 10-03"
1059;40;170;"2025-03-10 10:54:49";-13.00;"Uso de crédito no pedido 2095"
1060;31;2;"2025-03-11 09:02:01";917.04;cartões
1061;31;2;"2025-03-11 09:02:04";-917.04;"Uso de crédito no pedido 2088"
1062;25;2;"2025-03-11 10:03:41";-3325.00;"Uso de crédito no pedido 2043"
1063;25;2;"2025-03-11 10:04:02";415.00;"dinheiro 11-03"
1064;25;2;"2025-03-11 10:04:05";-415.00;"Uso de crédito no pedido 2043"
1065;19;2;"2025-03-12 09:06:04";331.00;"pix 11-03"
1066;19;2;"2025-03-12 09:06:07";-331.00;"Uso de crédito no pedido 2120"
1067;19;2;"2025-03-12 09:06:24";9.00;"pix 12-03"
1068;31;2;"2025-03-12 09:09:41";1182.37;cartoes
1069;31;2;"2025-03-12 09:09:47";-1182.37;"Uso de crédito no pedido 2116"
1070;19;2;"2025-03-12 10:07:32";-9.00;"de ontem"
1071;25;2;"2025-03-12 15:10:04";1000.00;"pagou em dinheiro 12-03"
1072;31;2;"2025-03-13 08:51:31";1182.37;"Estorno de pagamento do pedido 2116"
1073;31;2;"2025-03-13 08:51:42";-1182.37;"Uso de crédito no pedido 2116"
1074;31;2;"2025-03-13 08:52:23";347.63;"DINHEIRO ONTEM 12/03 E 47,63 DO DIA 12-03"
1075;31;2;"2025-03-13 08:52:26";-347.63;"Uso de crédito no pedido 2116"
1076;31;2;"2025-03-13 08:57:04";1316.50;cartoes
1077;31;2;"2025-03-13 08:57:06";-1316.50;"Uso de crédito no pedido 2137"
1078;25;2;"2025-03-13 10:43:39";485.00;dinheiro
1079;613;2;"2025-03-13 19:39:29";-120.00;"quis o dinheiro de volta"
1080;683;2;"2025-03-14 09:31:07";100.00;"pagou no pix dia 13-03-2025"
1081;683;2;"2025-03-14 09:31:09";-100.00;"Uso de crédito no pedido 2179"
1082;25;2;"2025-03-14 10:53:37";183.00;dinheiro
1083;25;2;"2025-03-14 10:54:06";32.00;cartões
1084;25;2;"2025-03-14 10:54:26";-1700.00;"Uso de crédito no pedido 2150"
1085;25;2;"2025-03-14 10:56:04";1760.00;cartões
1086;25;2;"2025-03-14 10:56:06";-1760.00;"Uso de crédito no pedido 2187"
1087;31;2;"2025-03-15 12:09:50";830.00;cartões
1088;31;2;"2025-03-15 12:09:53";-830.00;"Uso de crédito no pedido 2182"
1089;33;2;"2025-03-15 16:27:22";850.00;"pagou dia 04-03   850,00 e dia 7-03 765,00 pagou trocado"
1090;33;2;"2025-03-15 16:27:24";-850.00;"Uso de crédito no pedido 2001"
1091;170;2;"2025-03-16 15:00:47";115.00;"pagou débito depois que fechou"
1092;170;2;"2025-03-16 15:00:52";-115.00;"Uso de crédito no pedido 2249"
1093;652;1;"2025-03-16 20:05:36";380.00;Pix
1094;157;1;"2025-03-16 20:07:29";85.00;"Pix as 17h"
1095;157;1;"2025-03-16 20:07:30";-85.00;"Uso de crédito no pedido 2251"
1096;31;2;"2025-03-17 08:59:02";485.00;cartoes
1097;31;2;"2025-03-17 08:59:05";-485.00;"Uso de crédito no pedido 2160"
1098;31;2;"2025-03-17 09:02:10";2803.29;cartoes
1099;31;2;"2025-03-17 09:02:12";-2803.29;"Uso de crédito no pedido 2220"
1100;121;2;"2025-03-17 09:40:44";170.00;"fez o pix no  domingo"
1101;121;2;"2025-03-17 09:40:47";-85.00;"Uso de crédito no pedido 2200"
1102;121;2;"2025-03-17 09:40:56";-85.00;"Uso de crédito no pedido 2195"
1103;25;2;"2025-03-17 10:07:06";2200.00;cartões
1104;25;2;"2025-03-17 10:07:09";-2200.00;"Uso de crédito no pedido 2225"
1105;25;2;"2025-03-17 10:07:38";1554.00;cartões
1106;25;2;"2025-03-17 10:07:41";-1554.00;"Uso de crédito no pedido 2255"
1107;309;2;"2025-03-18 09:25:42";10.00;"10,00 bar do nego"
1108;31;2;"2025-03-18 09:58:23";1738.90;cartões
1109;31;2;"2025-03-18 09:59:24";-1738.90;"Uso de crédito no pedido 2254"
1110;31;2;"2025-03-19 09:24:42";1517.40;cartoes
1111;31;2;"2025-03-19 09:24:45";-1517.40;"Uso de crédito no pedido 2276"
1112;25;2;"2025-03-19 10:32:46";1908.00;cartões
1113;25;2;"2025-03-19 10:33:28";-1800.00;"Uso de crédito no pedido 2288"
1114;320;1;"2025-03-20 15:57:39";-110.00;"Monique lançou errado"
1115;48;1;"2025-03-21 09:29:50";200.00;Pix
1116;65;170;"2025-03-21 12:11:16";120.00;cartao
1117;65;170;"2025-03-21 12:11:21";-120.00;"Uso de crédito no pedido 2351"
1118;121;1;"2025-03-21 13:23:03";255.00;Pix
1119;121;1;"2025-03-21 13:23:04";-85.00;"Uso de crédito no pedido 2338"
1120;121;1;"2025-03-21 13:23:33";-85.00;"Uso de crédito no pedido 2329"
1121;121;1;"2025-03-21 13:24:01";-85.00;"Uso de crédito no pedido 2336"
1122;65;2;"2025-03-22 08:06:04";120.00;"Deixou  pago o gás para Entrega dia 21-03"
1123;65;2;"2025-03-22 08:06:33";120.00;"Estorno de pagamento do pedido 2351"
1124;31;2;"2025-03-22 11:36:26";357.12;cartoes
1125;31;2;"2025-03-22 11:36:30";-357.12;"Uso de crédito no pedido 2320"
1126;31;2;"2025-03-22 11:38:42";1496.10;cartoes
1127;31;2;"2025-03-22 11:38:45";-1496.10;"Uso de crédito no pedido 2340"
1128;25;2;"2025-03-22 12:25:59";1117.00;cartoes
1129;25;2;"2025-03-22 12:26:03";-1225.00;"Uso de crédito no pedido 2322"
1130;25;2;"2025-03-22 12:26:41";1225.00;"Estorno de pagamento do pedido 2322"
1131;25;2;"2025-03-22 12:29:50";1923.00;cartoes
1132;25;2;"2025-03-22 12:29:53";-1740.00;"Uso de crédito no pedido 2360"
1133;25;2;"2025-03-22 12:31:04";-1260.00;"Uso de crédito no pedido 2322"
1134;31;2;"2025-03-24 08:55:43";2778.00;cartões
1135;31;2;"2025-03-24 08:55:46";-2778.00;"Uso de crédito no pedido 2379"
1136;25;2;"2025-03-24 11:51:10";4301.00;cartoes
1137;25;2;"2025-03-24 11:51:28";-2784.00;"Uso de crédito no pedido 2384"
1138;25;2;"2025-03-24 11:51:28";-1653.00;"Uso de crédito no pedido 2418"
1139;65;1;"2025-03-24 14:41:16";-120.00;Ajuste
1140;31;2;"2025-03-25 08:54:10";1053.77;cartões
1141;31;2;"2025-03-25 08:54:12";-1053.77;"Uso de crédito no pedido 2409"
1142;652;1;"2025-03-25 17:19:33";-380.00;"mudou sistema de pagamento para pix chave"
1143;31;2;"2025-03-26 08:50:29";943.32;cartões
1144;31;2;"2025-03-26 08:51:30";-943.32;"Uso de crédito no pedido 2433"
1145;25;2;"2025-03-26 10:12:37";2865.00;cartões
1146;25;2;"2025-03-26 10:12:49";-1914.00;"Uso de crédito no pedido 2454"
1147;71;2;"2025-03-27 09:54:23";190.00;"pix dia 26-03-25 no pessoal doriedson"
1148;71;2;"2025-03-27 09:54:25";-190.00;"Uso de crédito no pedido 2471"
1149;31;2;"2025-03-27 09:58:37";1056.60;cartoes
1150;31;2;"2025-03-27 09:58:40";-1056.60;"Uso de crédito no pedido 2453"
1151;25;2;"2025-03-27 11:36:08";490.00;cartoes
1152;25;2;"2025-03-27 11:41:37";490.00;errado
1153;25;2;"2025-03-27 11:41:51";-490.00;errado
1154;25;2;"2025-03-27 11:42:02";-490.00;errado
1155;25;2;"2025-03-27 11:42:55";490.00;cartoes
1156;25;2;"2025-03-27 11:43:24";-1305.00;"Uso de crédito no pedido 2487"
1157;48;1;"2025-03-27 19:29:05";-200.00;"Método de pagamento pix chave"
1158;2;2;"2025-03-27 20:36:52";115.00;"cartao dpois do horario"
1159;2;2;"2025-03-27 20:36:54";-115.00;"Uso de crédito no pedido 2502"
1160;2;2;"2025-03-27 20:40:25";115.00;"cartão vendido pós fechamento"
1161;2;2;"2025-03-27 20:40:27";-115.00;"Uso de crédito no pedido 2504"
1162;31;2;"2025-03-28 09:53:34";911.45;cartoes
1163;31;2;"2025-03-28 14:05:51";500.00;"deu em dinheiro"
1164;33;2;"2025-03-28 14:10:15";1100.00;"deu em dinheiro"
1165;311;2;"2025-03-28 15:16:00";115.00;"já pagou dia 28.03.25"
1166;31;2;"2025-03-28 15:28:51";-500.00;dinheiro
1167;31;2;"2025-03-28 15:29:05";-911.45;"Uso de crédito no pedido 2478"
1168;33;2;"2025-03-28 18:57:32";-1100.00;dinheiro
1169;772;2;"2025-03-29 09:41:33";120.00;"pagou no c. Crédito para entregar depois"
1170;31;2;"2025-03-29 10:13:30";1189.57;cartoes
1171;31;2;"2025-03-29 10:14:04";-1189.57;"Uso de crédito no pedido 2509"
1172;25;2;"2025-03-29 14:07:38";2181.00;cartoes
1173;25;2;"2025-03-29 14:08:19";-2329.00;"Uso de crédito no pedido 2539"
1174;25;2;"2025-03-29 14:10:26";148.00;cartoes
1175;25;2;"2025-03-29 14:11:15";2181.00;cartoes
1176;25;2;"2025-03-29 14:12:00";2329.00;"Estorno de pagamento do pedido 2539"
1177;311;2;"2025-03-29 15:47:01";-115.00;"Uso de crédito no pedido 2541"
1178;309;2;"2025-03-31 09:25:43";-10.00;"Uso de crédito no pedido 2559"
1179;309;2;"2025-03-31 09:26:31";10.00;"Estorno de pagamento do pedido 2559"
1180;309;2;"2025-03-31 09:26:44";-10.00;dinheiro
1181;31;2;"2025-03-31 10:05:25";4002.47;cartões
1182;31;2;"2025-03-31 10:05:27";-4002.47;"Uso de crédito no pedido 2536"
1183;778;2;"2025-03-31 12:58:41";4.00;"ficou como credito p proxima compra"
1184;65;2;"2025-03-31 13:05:08";-120.00;"Uso de crédito no pedido 2570"
1185;2;2;"2025-04-01 09:02:37";115.00;"pix do dia 31-03 depois da hora que fechou"
1186;2;2;"2025-04-01 09:02:39";-115.00;"Uso de crédito no pedido 2591"
1187;25;2;"2025-04-01 10:12:33";-2958.00;"Uso de crédito no pedido 2539"
1188;25;2;"2025-04-01 10:32:29";1700.00;errado
1189;25;2;"2025-04-01 10:32:40";-3400.00;errado
1190;25;2;"2025-04-01 10:32:52";628.00;"cred cliente"
1191;25;2;"2025-04-01 10:37:15";-628.00;retirada
1192;25;2;"2025-04-01 10:37:43";954.00;cartões
1193;25;2;"2025-04-01 10:37:45";-954.00;"Uso de crédito no pedido 2589"
1194;25;2;"2025-04-01 10:38:44";1.00;"sobrou do dinheiro"
1195;31;2;"2025-04-02 09:58:04";2299.13;cartões
1196;31;2;"2025-04-02 09:59:46";-1454.13;"Uso de crédito no pedido 2561"
1197;31;2;"2025-04-02 09:59:46";-845.00;"Uso de crédito no pedido 2596"
1198;802;2;"2025-04-03 08:17:59";120.00;"Pagou c.débito ----> 20:30"
1199;802;2;"2025-04-03 08:18:02";-120.00;"Uso de crédito no pedido 2635"
1200;31;2;"2025-04-03 10:02:59";1395.05;cartões
1201;31;2;"2025-04-03 10:05:01";-1395.05;"Uso de crédito no pedido 2616"
1202;25;2;"2025-04-03 15:33:14";2270.00;cartões
1203;25;2;"2025-04-03 15:39:07";2271.00;cartoes
1204;25;2;"2025-04-03 15:39:20";-4542.00;errado
1205;25;2;"2025-04-03 15:50:54";2270.00;cartoes
1206;25;2;"2025-04-04 09:56:21";-2269.00;errado
1207;31;2;"2025-04-04 10:04:30";1172.35;cartões
1208;31;2;"2025-04-04 10:13:35";-1172.35;"Uso de crédito no pedido 2638"
1209;25;2;"2025-04-04 13:06:13";1272.00;"cartões do dia -03/04/25"
1210;31;170;"2025-04-05 10:59:55";1157.58;cartao
1211;31;170;"2025-04-05 10:59:59";-1157.58;"Uso de crédito no pedido 2688"
1212;31;170;"2025-04-05 11:00:27";0.02;cartao
1213;31;170;"2025-04-05 11:01:35";-0.02;"Uso de crédito no pedido 2688"
1214;25;1;"2025-04-05 11:05:29";178.00;"Deu em dinheiro"
1215;121;2;"2025-04-07 09:04:36";85.00;pagou
1216;121;2;"2025-04-07 09:05:04";-85.00;"Uso de crédito no pedido 2658"
1217;31;2;"2025-04-07 09:14:23";3717.78;cartoes
1218;31;2;"2025-04-07 09:14:35";-3717.78;"Uso de crédito no pedido 2699"
1219;25;2;"2025-04-07 10:21:41";3655.00;cartões
1220;25;2;"2025-04-07 10:23:04";-1190.00;"Uso de crédito no pedido 2627"
1221;25;2;"2025-04-07 10:23:04";-1740.00;"Uso de crédito no pedido 2671"
1222;25;2;"2025-04-07 10:23:04";-2175.00;"Uso de crédito no pedido 2722"
1223;24;2;"2025-04-07 15:23:12";850.00;"pix dia 06-04"
1224;24;2;"2025-04-07 15:23:14";-850.00;"Uso de crédito no pedido 2721"
1225;31;2;"2025-04-08 09:15:12";1618.93;cartões
1226;31;2;"2025-04-08 09:15:15";-1618.93;"Uso de crédito no pedido 2745"
1227;25;2;"2025-04-08 11:21:51";996.00;carões
1228;25;2;"2025-04-08 11:21:53";-996.00;"Uso de crédito no pedido 2788"
1229;25;2;"2025-04-08 11:22:44";996.00;"Estorno de pagamento do pedido 2788"
1230;25;2;"2025-04-08 11:22:50";-997.00;"Uso de crédito no pedido 2788"
1231;25;2;"2025-04-08 11:22:54";997.00;"Estorno de pagamento do pedido 2788"
1232;25;2;"2025-04-08 11:23:19";1.00;cartões
1233;25;2;"2025-04-08 11:23:27";-998.00;"Uso de crédito no pedido 2788"
1234;25;2;"2025-04-08 11:23:52";998.00;"Estorno de pagamento do pedido 2788"
1235;25;2;"2025-04-08 11:26:38";2.00;cartões
1236;25;2;"2025-04-08 11:26:57";-1000.00;"Uso de crédito no pedido 2788"
1237;31;2;"2025-04-09 09:09:06";1201.44;cartrões
1238;31;2;"2025-04-09 09:10:20";-1201.44;"Uso de crédito no pedido 2747"
1239;772;2;"2025-04-09 10:44:52";-120.00;"Uso de crédito no pedido 2811"
1240;25;2;"2025-04-09 14:25:59";1015.00;cartões
1241;25;2;"2025-04-09 14:27:11";-1015.00;"Uso de crédito no pedido 2823"
1242;31;2;"2025-04-10 09:48:04";2077.58;cartões
1243;31;2;"2025-04-10 09:52:51";-377.58;"Uso de crédito no pedido 2783"
1244;31;2;"2025-04-10 09:52:51";-1700.00;"Uso de crédito no pedido 2809"
1245;31;2;"2025-04-11 09:09:59";788.80;cartões
1246;25;2;"2025-04-11 10:26:36";3271.00;cartões
1247;25;2;"2025-04-11 10:26:56";-1501.00;"Uso de crédito no pedido 2781"
1248;25;2;"2025-04-11 10:26:56";-1770.00;"Uso de crédito no pedido 2858"
1249;31;2;"2025-04-11 18:23:26";-788.80;"Uso de crédito no pedido 2837"
1250;25;2;"2025-04-12 11:31:22";420.00;cartões
1251;31;2;"2025-04-12 11:34:25";1586.03;cartões
1252;31;2;"2025-04-12 11:35:11";-0.01;err
1253;31;2;"2025-04-12 11:36:56";-1586.00;"Uso de crédito no pedido 2877"
1254;516;2;"2025-04-14 08:26:54";-120.00;"Uso de crédito no pedido 2931"
1255;31;2;"2025-04-14 08:58:28";3314.56;cartões
1256;31;2;"2025-04-14 09:00:12";-3314.58;"Uso de crédito no pedido 2882"
1257;24;2;"2025-04-14 13:30:22";261.00;"pagou dia 10-04 e o restante pagou dia 12-04"
1258;24;2;"2025-04-14 13:30:26";-261.00;"Uso de crédito no pedido 2850"
1259;31;2;"2025-04-15 09:21:47";1031.89;cartoes
1260;31;2;"2025-04-15 09:23:40";-1031.89;"Uso de crédito no pedido 2932"
1261;25;2;"2025-04-15 11:04:16";1788.00;cartões
1262;31;2;"2025-04-16 09:11:55";1649.09;cartoes
1263;31;2;"2025-04-16 09:12:21";-1649.09;"Uso de crédito no pedido 2962"
1264;31;2;"2025-04-17 09:26:06";1715.46;cartoes
1265;31;2;"2025-04-17 09:27:39";-1715.45;"Uso de crédito no pedido 2982"
1266;25;2;"2025-04-17 12:53:15";2093.00;cartoes
1267;25;2;"2025-04-17 12:54:39";-1327.50;"Uso de crédito no pedido 2887"
1268;25;2;"2025-04-17 12:54:40";-1327.50;"Uso de crédito no pedido 2965"
1269;25;2;"2025-04-17 12:54:40";-1062.00;"Uso de crédito no pedido 3009"
1270;31;2;"2025-04-18 11:10:38";1852.37;cartoes
1271;31;2;"2025-04-18 11:11:33";-1740.00;"Uso de crédito no pedido 3003"
1272;25;2;"2025-04-19 11:39:56";466.00;cartoes
1273;25;170;"2025-04-21 11:21:33";1375.00;cartoes
1274;25;2;"2025-04-21 11:22:43";-1097.50;"Uso de crédito no pedido 3025"
1275;25;2;"2025-04-21 11:22:44";-1327.50;"Uso de crédito no pedido 3058"
1276;31;2;"2025-04-22 12:55:18";7971.63;cartões
1277;31;2;"2025-04-22 12:55:42";-8084.01;errado
1278;31;2;"2025-04-22 12:56:06";7971.64;cartões
1279;31;2;"2025-04-22 12:59:10";-1098.00;"Uso de crédito no pedido 3021"
1280;31;2;"2025-04-22 12:59:10";-4263.00;"Uso de crédito no pedido 3054"
1281;31;2;"2025-04-22 12:59:10";-2610.00;"Uso de crédito no pedido 3097"
1282;31;2;"2025-04-24 09:24:47";2309.80;catões
1283;31;2;"2025-04-24 09:25:34";-570.44;"Uso de crédito no pedido 3114"
1284;31;2;"2025-04-24 09:25:34";-1740.00;"Uso de crédito no pedido 3136"
1285;31;2;"2025-04-26 10:03:04";2849.40;cartoes
1286;31;2;"2025-04-26 10:04:51";-1109.40;"Uso de crédito no pedido 3143"
1287;31;2;"2025-04-26 10:04:51";-1740.00;"Uso de crédito no pedido 3157"
1288;311;170;"2025-04-26 17:24:30";115.00;"ja pagou"
1289;845;2;"2025-04-26 19:43:07";10.00;"passou 120,00 no cartão de crédito"
1290;311;2;"2025-04-27 11:19:09";-115.00;"Uso de crédito no pedido 3240"
1291;31;2;"2025-04-28 09:00:11";2774.98;cartões
1292;31;2;"2025-04-28 09:02:51";-2774.98;"Uso de crédito no pedido 3197"
1293;25;2;"2025-04-28 11:11:18";1755.00;cartões
1294;25;2;"2025-04-28 11:11:48";-1755.00;"Uso de crédito no pedido 3101"
1295;31;2;"2025-04-29 10:39:05";1634.18;cartões
1296;31;2;"2025-04-29 10:44:27";-1634.18;errado
1297;31;2;"2025-04-30 09:28:20";593.56;cartoes
1298;31;2;"2025-04-30 09:29:06";-593.56;"Uso de crédito no pedido 3179"
1299;31;2;"2025-04-30 11:15:57";1630.18;cartoes
1300;31;2;"2025-04-30 11:16:52";-1630.18;"Uso de crédito no pedido 3250"
1301;31;170;"2025-05-01 09:23:03";1419.22;cartoes
1302;31;2;"2025-05-01 09:23:16";-1419.22;"Uso de crédito no pedido 3282"
1303;989;170;"2025-05-01 14:00:18";120.00;"ja pagou"
1304;31;2;"2025-05-02 09:20:15";1219.43;cartões
1305;31;2;"2025-05-02 09:20:53";-1219.43;"Uso de crédito no pedido 3307"
1306;652;1;"2025-05-02 18:32:56";380.00;Pix
1307;652;1;"2025-05-02 18:32:57";-380.00;"Uso de crédito no pedido 3208"
1308;652;2;"2025-05-02 19:12:27";380.00;"Estorno de pagamento do pedido 3208"
1309;652;1;"2025-05-02 22:31:01";-380.00;"Uso de crédito no pedido 3208"
1310;31;2;"2025-05-03 09:36:16";19749.34;cartões
1311;31;2;"2025-05-03 09:36:34";-19.75;"valor errado"
1312;31;2;"2025-05-03 09:36:55";-19729.59;"valor errado"
1313;31;2;"2025-05-03 09:37:17";1749.34;cartões
1314;31;2;"2025-05-03 09:37:29";-1740.00;"Uso de crédito no pedido 3322"
1315;322;2;"2025-05-03 11:19:28";-60.00;"Uso de crédito no pedido 3366"
1316;31;2;"2025-05-05 09:24:05";3697.45;cartões
1317;31;2;"2025-05-05 09:26:10";-1879.80;"Uso de crédito no pedido 3356"
1318;31;2;"2025-05-05 09:26:10";-1826.99;"Uso de crédito no pedido 3404"
