tab_vendapay_id_vendapay;tab_vendapay_id_venda;tab_vendapay_id_especie;tab_vendapay_valor;tab_vendapay_valor_recebido
1;1;3;105.00;105.00
2;2;1;120.00;120.00
3;4;4;120.00;120.00
4;5;4;120.00;120.00
5;6;3;120.00;120.00
6;7;4;115.00;115.00
7;8;3;170.00;170.00
8;9;4;120.00;120.00
9;11;5;680.00;680.00
10;16;5;170.00;170.00
11;13;1;120.00;120.00
12;18;1;120.00;150.00
13;15;1;120.00;120.00
14;21;1;115.00;115.00
15;14;5;105.00;105.00
17;24;5;188.00;188.00
18;22;5;120.00;120.00
19;20;5;850.00;850.00
20;27;5;170.00;170.00
21;30;1;120.00;120.00
22;31;3;115.00;115.00
23;32;1;115.00;115.00
24;23;1;100.00;100.00
27;25;1;194.00;194.00
28;26;1;174.00;174.00
29;33;1;115.00;115.00
30;34;3;115.00;115.00
31;36;3;115.00;115.00
32;35;5;100.00;100.00
33;19;5;850.00;850.00
34;37;5;115.00;115.00
35;38;3;120.00;120.00
36;40;1;120.00;120.00
37;42;1;115.00;115.00
39;44;1;115.00;200.00
40;45;1;115.00;115.00
41;46;3;120.00;120.00
43;48;1;120.00;120.00
44;50;3;115.00;115.00
45;52;3;120.00;120.00
46;53;4;120.00;120.00
47;54;3;120.00;120.00
48;17;1;550.00;550.00
49;17;2;1320.00;1320.00
50;55;4;120.00;120.00
51;56;1;0.01;0.01
52;56;1;114.99;150.00
53;58;2;850.00;850.00
54;59;1;194.00;194.00
55;60;1;194.00;194.00
56;62;2;279.00;279.00
57;64;1;291.00;291.00
58;65;1;255.00;255.00
59;66;1;270.00;270.00
60;69;1;100.00;100.00
61;12;2;850.00;850.00
62;63;2;1190.00;1190.00
63;71;4;115.00;115.00
64;73;1;425.00;425.00
65;74;1;100.00;100.00
66;74;2;70.00;70.00
67;75;4;120.00;120.00
68;77;1;115.00;120.00
69;79;3;115.00;115.00
70;80;1;120.00;120.00
73;83;1;85.00;100.00
74;84;1;115.00;150.00
75;85;1;30.00;30.00
76;85;2;55.00;55.00
77;89;1;170.00;170.00
78;90;2;850.00;850.00
79;92;3;120.00;120.00
80;93;3;120.00;120.00
81;95;1;120.00;200.00
82;97;3;115.00;115.00
83;94;3;120.00;120.00
84;98;3;120.00;120.00
85;100;3;120.00;120.00
86;101;2;110.00;110.00
87;102;1;112.00;112.00
88;103;1;360.00;360.00
89;105;1;115.00;120.00
90;57;1;500.00;500.00
91;106;4;120.00;120.00
92;107;5;120.00;120.00
93;49;2;110.00;110.00
94;57;2;1200.00;1200.00
95;39;2;309.00;309.00
96;88;2;510.00;510.00
97;109;2;85.00;85.00
98;110;1;85.00;85.00
99;111;1;85.00;100.00
102;113;1;85.00;100.00
103;114;1;120.00;120.00
104;115;1;120.00;200.00
105;116;2;85.00;85.00
106;117;3;120.00;120.00
107;118;3;120.00;120.00
108;119;4;115.00;115.00
109;120;3;120.00;120.00
110;121;3;117.00;117.00
111;123;3;20.00;20.00
112;123;1;100.00;100.00
113;124;1;102.00;102.00
114;126;3;120.00;120.00
115;127;3;120.00;120.00
116;125;2;200.00;200.00
117;129;2;85.00;85.00
118;130;1;120.00;120.00
119;131;4;115.00;115.00
120;133;1;1275.00;1275.00
121;137;1;194.00;194.00
122;139;1;97.00;97.00
123;140;1;1700.00;1700.00
124;141;1;170.00;170.00
125;142;1;85.00;100.00
126;112;2;103.00;103.00
127;143;1;1200.00;1200.00
130;144;4;120.00;120.00
132;135;2;595.00;595.00
133;146;1;90.00;90.00
134;147;1;120.00;150.00
135;148;4;115.00;115.00
139;143;2;2370.00;2370.00
140;145;2;86.00;86.00
141;149;1;115.00;150.00
142;150;4;120.00;120.00
143;151;4;115.00;115.00
144;153;5;115.00;115.00
145;152;2;115.00;115.00
146;155;3;120.00;120.00
147;86;2;850.00;850.00
148;134;2;850.00;850.00
149;158;1;120.00;150.00
150;160;3;115.00;115.00
151;163;1;115.00;115.00
152;164;3;115.00;115.00
153;165;1;120.00;150.00
154;166;5;115.00;115.00
155;167;5;115.00;115.00
157;169;2;850.00;850.00
158;170;1;595.00;595.00
159;171;2;255.00;255.00
160;173;1;97.00;97.00
161;175;1;340.00;340.00
162;177;1;90.00;90.00
163;178;1;85.00;85.00
164;179;1;115.00;150.00
165;181;2;1700.00;1700.00
166;182;1;90.00;90.00
167;184;1;120.00;120.00
168;185;1;188.00;188.00
169;187;3;120.00;120.00
172;188;4;120.00;120.00
173;193;3;120.00;120.00
174;196;3;120.00;120.00
175;197;4;120.00;120.00
176;198;3;115.00;115.00
177;200;1;100.00;100.00
178;201;1;115.00;150.00
179;199;2;86.00;86.00
180;202;1;120.00;120.00
181;203;3;110.00;110.00
182;204;1;115.00;200.00
183;205;1;115.00;150.00
184;207;1;85.00;100.00
185;208;1;85.00;85.00
186;209;3;115.00;115.00
187;211;3;120.00;120.00
188;215;1;120.00;120.00
189;213;1;1020.00;1020.00
190;218;1;340.00;340.00
191;219;5;115.00;115.00
192;220;1;120.00;150.00
194;223;3;120.00;120.00
195;224;1;282.00;282.00
196;225;3;120.00;120.00
197;226;1;194.00;194.00
198;227;1;850.00;850.00
199;216;1;850.00;850.00
200;228;1;115.00;115.00
201;78;1;105.00;105.00
202;96;1;105.00;105.00
203;132;2;1426.10;1426.10
204;132;2;103.90;103.90
205;229;3;120.00;120.00
206;231;3;120.00;120.00
207;232;4;120.00;120.00
208;233;3;120.00;120.00
209;235;2;170.00;170.00
210;236;1;285.00;300.00
211;206;2;86.00;86.00
212;238;3;120.00;120.00
213;239;1;120.00;120.00
214;240;1;120.00;120.00
215;243;1;1275.00;1275.00
216;245;1;595.00;595.00
217;246;1;850.00;850.00
218;247;1;174.00;174.00
219;249;1;170.00;170.00
220;250;3;230.00;230.00
221;212;1;800.00;800.00
222;212;2;1325.00;1325.00
224;251;3;120.00;120.00
225;242;2;595.00;595.00
227;253;3;120.00;120.00
228;255;1;360.00;360.00
229;256;1;170.00;170.00
231;258;2;170.00;170.00
232;259;2;170.00;170.00
233;260;3;100.00;100.00
237;266;2;85.00;85.00
238;267;2;170.00;170.00
240;268;2;120.00;120.00
241;270;4;85.00;85.00
242;271;2;115.00;115.00
243;257;2;86.00;86.00
244;273;4;120.00;120.00
245;275;1;425.00;425.00
246;277;1;97.00;97.00
247;279;2;170.00;170.00
248;269;1;425.00;425.00
249;280;3;120.00;120.00
250;283;3;115.00;115.00
251;284;2;425.00;425.00
252;285;1;90.00;90.00
253;286;2;85.00;85.00
255;288;3;120.00;120.00
257;290;4;120.00;120.00
258;291;1;120.00;120.00
259;289;3;120.00;120.00
260;293;1;85.00;85.00
261;294;2;170.00;170.00
262;244;1;450.00;450.00
263;244;2;1165.00;1165.00
264;295;1;85.00;100.00
265;296;1;115.00;120.00
267;298;2;100.00;100.00
268;298;2;70.00;70.00
269;172;2;850.00;850.00
270;272;2;86.00;86.00
271;301;1;85.00;85.00
272;302;3;120.00;120.00
273;303;3;120.00;120.00
274;304;2;85.00;85.00
275;305;3;120.00;120.00
276;306;2;85.00;85.00
277;307;3;115.00;115.00
278;309;1;120.00;150.00
279;310;4;120.00;120.00
280;311;1;115.00;120.00
281;313;1;120.00;200.00
282;314;1;120.00;120.00
283;315;1;1700.00;1700.00
284;316;1;2550.00;2550.00
285;324;1;115.00;120.00
286;325;4;115.00;115.00
287;276;1;1275.00;1275.00
288;300;1;200.00;200.00
289;300;2;225.00;225.00
290;326;4;120.00;120.00
291;281;2;110.00;110.00
292;274;2;955.57;955.57
293;274;1;319.43;320.00
294;327;3;120.00;120.00
295;329;1;255.00;255.00
296;330;2;180.00;180.00
297;331;1;120.00;120.00
298;332;1;90.00;90.00
299;333;1;188.00;188.00
300;335;3;115.00;115.00
302;337;1;170.00;170.00
304;339;3;120.00;120.00
305;340;1;85.00;100.00
306;334;2;172.00;172.00
307;308;2;86.00;86.00
308;342;4;120.00;120.00
309;317;2;425.00;425.00
310;343;2;120.00;120.00
311;344;3;115.00;115.00
312;345;1;120.00;120.00
313;347;4;115.00;115.00
314;348;3;115.00;115.00
315;350;1;120.00;120.00
316;351;3;120.00;120.00
317;352;1;120.00;150.00
318;353;2;170.00;170.00
319;354;3;115.00;115.00
320;355;3;120.00;120.00
321;356;2;170.00;170.00
322;358;2;285.00;285.00
323;346;2;86.00;86.00
324;349;2;86.00;86.00
325;359;1;120.00;120.00
326;360;1;85.00;85.00
327;361;3;120.00;120.00
328;362;1;400.00;400.00
329;362;2;450.00;450.00
330;363;1;850.00;850.00
331;364;1;97.00;97.00
332;366;1;261.00;261.00
333;367;1;255.00;255.00
334;368;1;90.00;90.00
336;369;2;120.00;120.00
337;282;2;206.00;206.00
338;312;1;1100.00;1100.00
340;312;2;368.75;368.75
341;312;2;2356.25;2356.25
342;370;3;115.00;115.00
343;371;4;120.00;120.00
344;372;5;120.00;120.00
345;373;2;85.00;85.00
346;374;2;113.00;113.00
347;374;2;227.00;227.00
348;376;2;120.00;120.00
349;318;2;765.00;765.00
350;378;3;120.00;120.00
351;379;1;102.00;102.00
352;380;3;120.00;120.00
353;381;2;425.00;425.00
354;382;1;1020.00;1020.00
356;384;2;850.00;850.00
357;385;1;850.00;850.00
358;386;2;1275.00;1275.00
359;387;1;97.00;97.00
360;389;1;85.00;85.00
361;390;1;90.00;90.00
362;391;1;291.00;291.00
363;394;1;120.00;120.00
364;395;1;90.00;100.00
365;396;3;120.00;120.00
366;392;2;188.00;188.00
367;398;1;180.00;180.00
368;399;3;120.00;120.00
369;400;1;170.00;170.00
370;401;4;115.00;115.00
371;402;1;120.00;120.00
372;403;3;120.00;120.00
374;404;3;120.00;120.00
375;405;3;115.00;115.00
376;406;1;115.00;115.00
377;407;3;120.00;120.00
378;409;1;120.00;120.00
380;397;2;86.00;86.00
381;375;2;172.00;172.00
383;413;1;120.00;120.00
384;411;4;120.00;120.00
385;415;1;850.00;850.00
386;416;1;1020.00;1020.00
387;418;1;85.00;85.00
388;320;2;425.00;425.00
389;377;1;400.00;400.00
390;377;2;790.00;790.00
391;383;2;1785.00;1785.00
392;421;3;120.00;120.00
393;423;1;120.00;150.00
394;422;2;90.00;90.00
395;424;1;90.00;90.00
396;425;1;100.00;100.00
397;426;3;115.00;115.00
398;428;3;120.00;120.00
399;429;3;115.00;115.00
400;430;2;111.50;111.50
401;430;1;58.50;58.50
402;431;3;120.00;120.00
403;432;2;85.00;85.00
404;433;2;120.00;120.00
405;434;3;115.00;115.00
406;435;2;115.00;115.00
407;436;2;85.00;85.00
410;438;2;850.00;850.00
411;439;1;120.00;120.00
412;440;3;115.00;115.00
413;441;1;120.00;120.00
414;443;1;120.00;120.00
415;444;1;115.00;200.00
416;446;1;1275.00;1275.00
417;449;1;850.00;850.00
418;450;1;270.00;270.00
419;451;1;261.00;261.00
420;453;3;120.00;120.00
421;455;1;85.00;100.00
422;456;4;120.00;120.00
423;419;2;425.00;425.00
424;457;1;90.00;90.00
425;458;4;120.00;120.00
426;447;2;680.00;680.00
427;459;1;170.00;170.00
428;414;2;1271.30;1271.30
429;414;1;3.70;3.70
430;408;2;110.00;110.00
431;462;3;115.00;115.00
432;463;3;115.00;115.00
435;466;1;85.00;100.00
437;467;5;20.00;20.00
438;467;1;100.00;100.00
439;468;2;120.00;120.00
440;469;1;285.00;300.00
441;471;2;120.00;120.00
442;472;1;115.00;150.00
443;475;1;120.00;120.00
444;476;2;85.00;85.00
446;480;3;120.00;120.00
447;477;4;120.00;120.00
448;482;3;120.00;120.00
449;445;2;86.00;86.00
450;483;2;188.00;188.00
451;485;1;1105.00;1105.00
452;486;1;1445.00;1445.00
453;487;2;680.00;680.00
454;488;1;170.00;170.00
455;461;1;85.00;85.00
456;489;1;90.00;90.00
457;448;2;588.60;588.60
458;448;2;941.40;941.40
459;490;1;85.00;85.00
460;491;2;170.00;170.00
461;492;1;85.00;100.00
462;493;2;120.00;120.00
463;494;2;170.00;170.00
464;495;3;115.00;115.00
465;496;2;85.00;85.00
466;498;1;85.00;100.00
467;499;1;115.00;115.00
468;500;1;115.00;120.00
469;501;2;172.00;172.00
470;503;3;115.00;115.00
471;505;3;115.00;115.00
472;504;1;90.00;100.00
473;507;3;113.00;113.00
474;507;1;2.00;2.00
475;508;1;120.00;120.00
476;509;4;120.00;120.00
477;510;3;120.00;120.00
478;454;2;425.00;425.00
479;512;2;120.00;120.00
481;511;3;100.00;100.00
482;515;3;120.00;120.00
483;516;3;120.00;120.00
484;518;1;600.00;600.00
485;518;2;250.00;250.00
486;519;1;2550.00;2550.00
487;521;1;95.00;95.00
488;523;1;255.00;255.00
489;484;1;300.00;300.00
490;484;2;81.68;81.68
491;484;2;1403.32;1403.32
492;528;2;340.00;340.00
493;530;1;120.00;120.00
494;531;1;174.00;174.00
496;534;1;90.00;90.00
497;533;4;120.00;120.00
498;536;3;115.00;115.00
499;541;3;115.00;115.00
500;502;2;110.00;110.00
501;542;2;116.50;116.50
502;542;2;53.50;53.50
503;544;1;100.00;100.00
504;545;2;85.00;85.00
505;546;3;115.00;115.00
506;547;1;120.00;120.00
507;548;4;115.00;115.00
509;549;3;120.00;120.00
510;550;4;115.00;115.00
511;551;4;120.00;120.00
512;552;3;115.00;115.00
513;553;3;115.00;115.00
515;554;1;85.00;100.00
516;555;2;150.00;150.00
517;555;1;20.00;20.00
518;556;1;115.00;150.00
519;557;3;120.00;120.00
520;558;3;115.00;115.00
521;559;3;115.00;115.00
522;562;2;100.00;100.00
523;563;3;120.00;120.00
524;532;2;86.00;86.00
525;535;2;86.00;86.00
526;538;2;86.00;86.00
527;539;2;86.00;86.00
528;540;2;86.00;86.00
529;543;2;86.00;86.00
530;506;2;309.00;309.00
531;564;1;120.00;150.00
532;566;2;115.00;115.00
533;567;1;115.00;115.00
535;571;1;850.00;850.00
536;572;1;850.00;850.00
537;573;3;120.00;120.00
538;574;2;765.00;765.00
539;575;1;400.00;400.00
540;575;2;450.00;450.00
541;577;1;255.00;255.00
544;578;2;120.00;120.00
545;517;1;500.00;500.00
546;517;2;1053.33;1053.33
547;517;2;2271.67;2271.67
548;568;2;282.00;282.00
550;581;3;120.00;120.00
551;582;1;85.00;100.00
552;583;1;180.00;180.00
553;587;1;120.00;150.00
554;588;2;115.80;115.80
555;588;2;224.20;224.20
556;590;2;170.00;170.00
557;591;2;100.00;100.00
558;592;1;102.00;102.00
559;594;2;115.00;115.00
560;596;1;120.00;150.00
561;597;1;85.00;85.00
562;598;1;85.00;85.00
563;599;2;115.00;115.00
564;600;2;85.00;85.00
565;589;2;86.00;86.00
566;234;1;109.00;109.00
567;328;1;436.00;436.00
568;460;1;218.00;218.00
569;603;2;85.00;85.00
570;605;1;120.00;120.00
571;608;1;850.00;850.00
572;609;1;1445.00;1445.00
573;612;1;340.00;340.00
574;613;1;120.00;120.00
575;569;1;250.00;250.00
576;569;2;807.82;807.82
577;569;2;47.18;47.18
578;615;3;120.00;120.00
579;616;1;270.00;270.00
580;617;1;90.00;90.00
581;618;1;120.00;150.00
582;619;4;115.00;115.00
583;621;3;120.00;120.00
584;622;3;120.00;120.00
585;623;2;120.00;120.00
586;624;2;118.20;118.20
587;624;2;51.80;51.80
588;610;2;340.00;340.00
589;625;2;255.00;255.00
590;611;2;180.00;180.00
591;626;4;120.00;120.00
593;628;2;85.00;85.00
594;629;4;120.00;120.00
595;631;3;120.00;120.00
596;633;4;120.00;120.00
597;634;1;100.00;100.00
598;634;3;15.00;15.00
599;561;2;258.00;258.00
600;635;1;120.00;120.00
601;636;3;120.00;120.00
602;638;4;120.00;120.00
603;641;1;100.00;100.00
604;642;2;85.00;85.00
605;524;2;500.00;500.00
606;524;1;350.00;350.00
607;643;4;120.00;120.00
608;645;1;300.00;300.00
609;645;2;720.00;720.00
610;646;1;1275.00;1275.00
611;649;2;425.00;425.00
612;650;1;120.00;150.00
614;606;2;172.00;172.00
615;651;1;120.00;200.00
616;654;1;90.00;90.00
617;653;1;425.00;425.00
618;520;2;425.00;425.00
619;658;1;120.00;150.00
621;661;2;85.00;85.00
622;660;4;120.00;120.00
623;662;3;115.00;115.00
625;665;1;115.00;115.00
626;666;1;255.00;255.00
627;664;3;120.00;120.00
628;667;3;120.00;120.00
629;668;2;85.00;85.00
630;656;2;86.00;86.00
631;655;2;86.00;86.00
632;669;2;170.00;170.00
633;672;1;255.00;255.00
634;673;2;85.00;85.00
635;675;1;1105.00;1105.00
636;677;1;340.00;340.00
637;607;2;1275.00;1275.00
638;644;2;397.64;397.64
639;644;1;750.00;750.00
640;644;2;467.36;467.36
641;679;3;120.00;120.00
642;680;3;115.00;115.00
643;681;1;90.00;90.00
644;639;2;110.00;110.00
645;28;2;105.00;105.00
646;61;2;105.00;105.00
647;91;2;105.00;105.00
648;138;2;420.00;420.00
649;174;2;210.00;210.00
650;217;2;210.00;210.00
651;248;2;105.00;105.00
652;278;2;315.00;315.00
653;319;2;210.00;210.00
654;365;2;210.00;210.00
655;388;2;315.00;315.00
656;417;2;105.00;105.00
657;452;2;210.00;210.00
658;522;2;105.00;105.00
659;576;2;315.00;315.00
660;682;3;115.00;115.00
661;683;4;115.00;115.00
662;684;4;120.00;120.00
663;685;3;120.00;120.00
664;678;2;180.00;180.00
665;670;1;112.00;112.00
666;686;4;115.00;115.00
667;687;3;115.00;115.00
668;688;1;200.00;200.00
669;689;3;120.00;120.00
670;690;2;170.00;170.00
671;671;2;86.00;86.00
672;692;2;120.00;120.00
673;694;1;1105.00;1105.00
674;693;1;340.00;340.00
675;693;2;930.95;930.95
676;693;2;4.05;4.05
677;697;3;120.00;120.00
679;699;2;120.00;120.00
680;695;2;425.00;425.00
682;700;4;120.00;120.00
683;701;1;120.00;120.00
684;702;3;120.00;120.00
685;703;4;115.00;115.00
686;704;4;850.00;850.00
687;706;4;120.00;120.00
688;710;4;120.00;120.00
690;713;1;85.00;100.00
691;714;2;120.00;120.00
693;716;4;115.00;115.00
694;718;2;115.00;115.00
695;691;2;86.00;86.00
696;705;2;172.00;172.00
697;720;4;115.00;115.00
698;721;4;115.00;115.00
699;715;3;120.00;120.00
700;719;2;85.00;85.00
701;722;3;115.00;115.00
702;723;1;170.00;170.00
703;725;1;2125.00;2125.00
704;733;1;340.00;340.00
705;734;3;115.00;115.00
706;735;3;120.00;120.00
707;737;1;291.00;291.00
708;738;1;180.00;180.00
709;711;2;174.00;174.00
710;731;2;340.00;340.00
712;740;1;85.00;85.00
713;674;2;850.00;850.00
714;730;2;1230.00;1230.00
716;742;4;120.00;120.00
717;707;2;103.00;103.00
718;743;2;103.00;103.00
719;744;3;120.00;120.00
720;745;1;85.00;100.00
721;746;1;30.00;30.00
722;746;2;55.00;55.00
724;747;4;120.00;120.00
725;748;2;85.00;85.00
726;749;3;120.00;120.00
727;750;1;1.20;1.20
728;750;1;113.80;113.80
729;751;1;120.00;120.00
730;752;4;120.00;120.00
731;741;2;172.00;172.00
732;753;2;85.00;85.00
733;754;1;115.00;120.00
734;755;1;120.00;150.00
735;756;3;115.00;115.00
736;757;4;115.00;115.00
737;758;1;85.00;100.00
738;759;2;125.45;125.45
739;759;2;44.55;44.55
740;760;2;170.00;170.00
741;761;2;120.00;120.00
743;764;1;85.00;100.00
744;766;2;85.00;85.00
745;767;2;85.00;85.00
746;769;1;95.00;100.00
747;770;2;120.00;120.00
749;773;3;120.00;120.00
750;775;1;850.00;850.00
751;778;1;90.00;90.00
752;779;1;115.00;150.00
753;780;1;120.00;200.00
754;781;1;180.00;180.00
755;782;2;170.00;170.00
756;783;4;115.00;115.00
758;729;2;850.00;850.00
759;785;1;180.00;180.00
760;788;1;120.00;120.00
761;789;3;115.00;115.00
762;790;4;115.00;115.00
763;784;2;200.00;200.00
764;791;4;120.00;120.00
765;712;2;110.00;110.00
766;795;1;110.00;110.00
767;796;3;120.00;120.00
768;798;2;170.00;170.00
769;799;4;115.00;115.00
770;801;4;120.00;120.00
771;802;1;115.00;115.00
772;803;1;120.00;150.00
773;804;1;120.00;130.00
774;806;4;120.00;120.00
776;807;4;120.00;120.00
777;809;1;120.00;120.00
778;810;3;120.00;120.00
779;812;3;120.00;120.00
780;813;1;95.00;95.00
781;648;2;850.00;850.00
782;814;1;85.00;100.00
783;815;2;170.00;170.00
784;776;2;850.00;850.00
786;816;4;120.00;120.00
787;818;1;1105.00;1105.00
788;819;1;255.00;255.00
789;820;2;90.00;90.00
790;822;1;285.00;285.00
791;823;3;190.00;190.00
792;825;2;85.00;85.00
793;826;1;270.00;270.00
794;827;3;120.00;120.00
795;828;1;120.00;120.00
796;830;2;120.00;120.00
798;832;3;120.00;120.00
799;831;3;210.00;210.00
800;836;1;100.00;100.00
801;838;4;120.00;120.00
802;840;1;120.00;120.00
803;842;2;120.00;120.00
804;843;2;170.00;170.00
805;844;2;261.00;261.00
806;845;1;70.00;70.00
807;845;2;100.00;100.00
808;847;3;115.00;115.00
809;849;1;102.00;105.00
810;851;1;120.00;120.00
811;854;1;600.00;600.00
813;856;1;110.00;110.00
814;856;3;5.00;5.00
815;854;2;250.00;250.00
816;817;1;800.00;800.00
818;817;2;634.55;634.55
819;817;2;265.45;265.45
820;774;2;1700.00;1700.00
821;858;1;90.00;90.00
822;859;1;170.00;170.00
823;862;1;95.00;95.00
824;863;1;95.00;95.00
825;864;1;120.00;200.00
826;824;2;85.00;85.00
827;762;2;85.00;85.00
828;865;1;115.00;115.00
829;866;2;255.00;255.00
830;867;4;115.00;115.00
831;868;1;90.00;90.00
832;855;1;425.00;425.00
833;870;3;120.00;120.00
834;873;2;115.00;115.00
835;874;1;115.00;150.00
836;875;3;100.00;100.00
837;875;1;15.00;20.00
838;876;1;10.00;10.00
839;876;2;160.00;160.00
840;877;2;85.00;85.00
841;878;2;85.00;85.00
842;881;3;120.00;120.00
843;885;4;45.00;45.00
844;885;3;60.00;60.00
845;869;2;85.00;85.00
846;850;2;85.00;85.00
848;848;2;85.00;85.00
849;886;1;90.00;100.00
850;887;1;85.00;100.00
851;889;1;1275.00;1275.00
852;891;1;85.00;85.00
853;892;1;95.00;95.00
854;732;2;500.00;500.00
855;732;1;350.00;350.00
856;853;2;1344.77;1344.77
857;853;1;300.00;300.00
858;853;2;55.23;55.23
859;894;1;120.00;120.00
860;895;4;230.00;230.00
862;897;2;120.00;120.00
863;898;1;100.00;100.00
864;899;1;90.00;90.00
865;900;1;170.00;170.00
866;901;1;100.00;100.00
867;901;2;70.00;70.00
868;902;2;120.00;120.00
869;903;1;120.00;120.00
870;905;1;90.00;90.00
871;880;2;85.00;85.00
872;884;1;85.00;85.00
873;882;2;95.00;95.00
874;861;2;180.00;180.00
875;907;2;85.00;85.00
876;911;1;100.00;100.00
878;912;1;120.00;150.00
879;914;1;120.00;120.00
881;916;4;120.00;120.00
884;919;3;120.00;120.00
885;918;3;120.00;120.00
886;920;2;115.00;115.00
887;921;1;120.00;120.00
890;925;1;85.00;100.00
891;860;2;180.00;180.00
894;927;2;425.00;425.00
895;928;1;935.00;935.00
896;930;1;60.00;60.00
897;930;3;55.00;55.00
898;931;2;680.00;680.00
899;934;1;95.00;95.00
900;935;1;170.00;170.00
901;936;1;176.00;176.00
902;937;2;85.00;85.00
903;879;3;255.00;255.00
904;906;2;85.00;85.00
905;908;2;85.00;85.00
906;939;1;180.00;180.00
907;888;1;300.00;300.00
908;888;2;737.75;737.75
909;888;2;832.25;832.25
912;941;1;120.00;150.00
913;943;1;120.00;120.00
914;728;2;425.00;425.00
915;940;1;65.00;65.00
916;940;3;55.00;55.00
917;942;3;100.00;100.00
918;944;1;170.00;170.00
919;938;2;200.00;200.00
920;946;3;115.00;115.00
921;947;3;115.00;115.00
922;948;1;255.00;255.00
924;951;2;120.00;120.00
925;952;3;115.00;115.00
926;954;3;115.00;115.00
927;956;3;120.00;120.00
928;953;1;90.00;90.00
929;957;2;85.00;85.00
930;923;2;110.00;110.00
931;926;2;95.00;95.00
932;960;3;120.00;120.00
933;961;2;85.00;85.00
934;962;2;85.00;85.00
935;963;3;115.00;115.00
936;965;3;115.00;115.00
937;966;1;115.00;120.00
938;969;1;150.00;150.00
939;969;2;275.00;275.00
940;971;1;170.00;170.00
941;976;1;255.00;255.00
942;979;1;95.00;95.00
943;978;1;85.00;85.00
945;981;2;120.00;120.00
946;982;1;291.00;291.00
947;983;4;115.00;115.00
948;984;4;120.00;120.00
958;988;3;120.00;120.00
959;989;1;400.00;400.00
960;989;2;25.00;25.00
961;990;1;100.00;100.00
962;990;2;70.00;70.00
963;959;2;85.00;85.00
964;992;1;475.00;490.00
965;991;1;120.00;120.00
966;993;2;170.00;170.00
967;995;1;120.00;120.00
968;909;2;110.00;110.00
969;996;2;85.00;85.00
970;997;6;115.00;115.00
971;967;2;850.00;850.00
972;998;1;100.00;100.00
973;998;2;952.87;952.87
974;998;2;222.13;222.13
975;999;1;120.00;120.00
976;1000;3;120.00;120.00
977;1001;4;115.00;115.00
978;1003;3;115.00;115.00
979;1004;4;115.00;115.00
980;1005;1;85.00;100.00
981;1006;4;120.00;120.00
982;1007;4;120.00;120.00
983;964;2;85.00;85.00
984;980;2;85.00;85.00
985;1008;3;50.00;50.00
986;1008;1;65.00;65.00
987;1009;3;120.00;120.00
988;1010;4;120.00;120.00
990;1011;1;120.00;150.00
991;986;2;85.00;85.00
992;1013;1;85.00;85.00
993;1014;1;100.00;100.00
994;1014;3;15.00;15.00
995;1015;2;115.00;115.00
996;1016;2;85.00;85.00
997;1017;1;110.00;110.00
998;1017;2;70.00;70.00
999;786;1;218.00;218.00
1000;736;1;218.00;218.00
1001;1019;4;120.00;120.00
1002;1020;1;115.00;120.00
1005;1024;4;120.00;120.00
1006;1023;1;120.00;150.00
1007;1025;4;120.00;120.00
1008;1026;1;100.00;100.00
1009;1029;1;1700.00;1700.00
1010;1030;1;85.00;85.00
1011;970;1;300.00;300.00
1012;970;2;2844.82;2844.82
1013;970;1;0.18;0.18
1014;1032;4;115.00;115.00
1015;958;2;300.00;300.00
1016;1035;2;87.00;87.00
1018;1037;1;95.00;95.00
1019;1039;1;190.00;190.00
1020;1042;2;85.00;85.00
1022;1045;1;850.00;850.00
1023;1012;2;85.00;85.00
1024;1002;2;85.00;85.00
1027;1047;2;110.00;110.00
1031;1048;2;56.73;56.73
1032;1048;2;113.27;113.27
1033;1049;1;270.00;270.00
1034;647;1;210.00;210.00
1035;676;1;105.00;105.00
1036;696;1;105.00;105.00
1037;739;1;315.00;315.00
1038;777;1;315.00;315.00
1039;857;1;315.00;315.00
1040;893;1;315.00;315.00
1041;1050;1;120.00;120.00
1042;1046;2;120.00;120.00
1043;1051;4;120.00;120.00
1044;1036;2;95.00;95.00
1045;1052;1;88.00;88.00
1046;1053;1;115.00;150.00
1047;1054;1;85.00;100.00
1048;1055;1;170.00;170.00
1049;1056;4;115.00;115.00
1050;1027;2;170.00;170.00
1051;1043;2;85.00;85.00
1052;1044;2;85.00;85.00
1053;1028;2;850.00;850.00
1054;1059;4;115.00;115.00
1056;1062;2;85.00;85.00
1057;1060;4;120.00;120.00
1058;890;1;425.00;425.00
1059;890;2;425.00;425.00
1060;1063;1;95.00;95.00
1061;1064;3;115.00;115.00
1062;968;2;2500.00;2500.00
1063;968;2;50.00;50.00
1064;1065;1;1615.00;1615.00
1065;1031;1;350.00;350.00
1066;1031;2;837.07;837.07
1067;1031;2;512.93;512.93
1068;1068;1;120.00;120.00
1069;1069;1;120.00;120.00
1070;1070;4;120.00;120.00
1071;1071;3;100.00;100.00
1073;1073;1;330.00;330.00
1075;1072;3;120.00;120.00
1076;1075;2;850.00;850.00
1077;1077;1;100.00;100.00
1078;1078;1;255.00;255.00
1080;1082;2;120.00;120.00
1082;1084;1;425.00;500.00
1083;1079;4;120.00;120.00
1092;1090;2;170.00;170.00
1093;1091;2;120.00;120.00
1094;1087;3;120.00;120.00
1095;1092;3;115.00;115.00
1096;1080;4;120.00;120.00
1097;1094;2;170.00;170.00
1098;1095;2;170.00;170.00
1099;1096;6;120.00;120.00
1101;772;1;120.00;150.00
1102;1098;1;270.00;270.00
1103;1097;1;102.00;105.00
1106;1101;4;115.00;115.00
1107;1102;4;240.00;240.00
1108;1103;1;120.00;120.00
1109;1100;1;90.00;90.00
1110;1100;3;30.00;30.00
1111;1104;3;115.00;115.00
1112;1105;1;2125.00;2125.00
1113;1106;1;190.00;190.00
1114;1107;2;100.00;100.00
1116;1110;2;87.00;87.00
1117;1111;1;170.00;170.00
1118;1112;1;90.00;90.00
1119;1114;4;115.00;115.00
1120;1114;1;5.00;20.00
1121;1115;1;170.00;170.00
1122;1116;3;120.00;120.00
1123;1117;1;120.00;150.00
1125;1119;1;120.00;150.00
1126;1121;1;85.00;90.00
1127;1066;2;500.00;500.00
1128;1066;1;350.00;350.00
1130;1123;3;120.00;120.00
1131;1108;3;950.00;950.00
1132;1127;6;115.00;115.00
1133;1128;1;115.00;120.00
1134;1129;1;360.00;360.00
1135;1130;1;115.00;115.00
1136;1061;2;110.00;110.00
1137;1131;1;115.00;150.00
1138;1132;3;120.00;120.00
1139;1133;4;120.00;120.00
1140;1135;1;115.00;115.00
1141;1136;1;120.00;120.00
1142;1137;3;115.00;115.00
1143;1138;1;85.00;85.00
1144;1142;1;85.00;100.00
1145;1144;2;170.00;170.00
1146;1147;2;120.00;120.00
1147;1148;2;170.00;170.00
1148;1149;2;100.00;100.00
1149;1150;1;115.00;120.00
1150;1151;1;115.00;120.00
1151;1067;2;1307.47;1307.47
1152;1067;2;392.53;392.53
1153;1124;2;765.00;765.00
1154;1058;2;170.00;170.00
1155;1076;2;85.00;85.00
1156;1120;2;85.00;85.00
1157;1153;4;120.00;120.00
1158;1154;1;105.00;105.00
1160;1155;2;110.00;110.00
1161;1156;4;115.00;115.00
1162;1134;2;85.00;85.00
1163;1158;6;115.00;115.00
1164;1159;1;120.00;120.00
1165;1161;6;115.00;115.00
1166;1162;1;285.00;285.00
1167;1165;1;120.00;120.00
1168;1166;3;120.00;120.00
1169;1169;1;120.00;120.00
1171;1171;1;85.00;85.00
1172;1173;2;120.00;120.00
1173;1175;2;120.00;120.00
1174;1176;1;85.00;100.00
1175;1174;1;270.00;270.00
1176;1178;4;120.00;120.00
1177;1180;3;115.00;115.00
1178;1181;2;100.00;100.00
1179;1181;1;70.00;70.00
1180;1182;2;100.00;100.00
1181;1183;2;115.00;115.00
1182;1184;3;120.00;120.00
1184;1185;3;120.00;120.00
1186;1188;2;120.00;120.00
1187;1187;3;120.00;120.00
1189;1189;3;120.00;120.00
1190;1190;1;120.00;150.00
1191;1191;1;120.00;150.00
1192;1193;1;95.00;95.00
1193;1194;1;85.00;85.00
1194;1196;1;95.00;95.00
1195;1198;1;2125.00;2125.00
1196;1199;1;425.00;425.00
1197;1157;1;850.00;850.00
1199;1201;1;500.00;500.00
1200;1201;2;1200.00;1200.00
1201;1126;2;1700.00;1700.00
1202;1202;1;120.00;120.00
1203;1203;1;120.00;200.00
1205;1177;2;85.00;85.00
1206;1172;2;85.00;85.00
1207;1145;2;85.00;85.00
1208;1195;2;180.00;180.00
1209;1200;2;100.00;100.00
1211;1206;3;120.00;120.00
1212;1209;2;170.00;170.00
1213;1210;2;170.00;170.00
1214;1211;3;120.00;120.00
1215;1213;4;120.00;120.00
1216;1214;1;85.00;100.00
1217;1215;1;180.00;180.00
1218;1216;1;255.00;255.00
1219;1217;2;120.00;120.00
1220;1219;1;85.00;100.00
1221;1220;2;85.00;85.00
1222;1221;1;115.00;120.00
1225;1224;2;85.00;85.00
1226;1160;2;1640.00;1640.00
1227;1225;4;120.00;120.00
1228;1226;2;85.00;85.00
1229;1228;3;120.00;120.00
1230;1230;1;60.00;60.00
1231;1230;3;55.00;55.00
1232;1231;2;340.00;340.00
1233;1229;3;120.00;120.00
1234;1204;2;85.00;85.00
1235;1208;2;85.00;85.00
1236;1233;1;115.00;125.00
1237;1234;4;100.00;100.00
1238;1235;4;115.00;115.00
1239;1236;1;120.00;150.00
1240;1237;3;120.00;120.00
1241;1238;1;112.00;112.00
1243;1240;1;120.00;200.00
1244;1241;1;120.00;120.00
1245;1242;3;120.00;120.00
1246;1243;1;85.00;100.00
1247;1245;1;95.00;95.00
1248;1246;1;95.00;95.00
1249;1247;1;90.00;90.00
1250;1250;1;2295.00;2295.00
1251;1252;2;340.00;340.00
1252;1253;1;510.00;510.00
1253;1248;1;90.00;90.00
1254;1257;3;115.00;115.00
1255;1256;2;170.00;170.00
1256;1258;1;85.00;100.00
1257;1259;1;100.00;100.00
1258;1259;2;70.00;70.00
1259;1254;2;90.00;90.00
1260;1260;3;120.00;120.00
1261;1263;1;120.00;150.00
1262;1261;3;120.00;120.00
1263;1264;1;120.00;120.00
1264;1267;4;115.00;115.00
1265;1268;3;120.00;120.00
1266;1269;3;120.00;120.00
1267;1270;1;115.00;115.00
1268;1271;3;120.00;120.00
1269;1272;3;120.00;120.00
1270;1186;2;110.00;110.00
1271;1274;1;120.00;120.00
1272;1249;2;170.00;170.00
1273;1255;2;85.00;85.00
1274;1265;2;85.00;85.00
1275;1276;1;85.00;100.00
1277;1278;4;115.00;115.00
1279;1280;6;115.00;115.00
1280;1282;4;115.00;115.00
1281;1284;3;120.00;120.00
1282;1286;3;115.00;115.00
1283;1287;1;230.00;230.00
1284;1288;4;50.00;50.00
1285;1289;1;115.00;150.00
1286;1290;3;120.00;120.00
1288;1292;3;115.00;115.00
1289;1295;4;120.00;120.00
1290;1291;4;120.00;120.00
1292;1297;4;120.00;120.00
1293;1300;1;115.00;115.00
1294;1218;2;200.00;200.00
1295;1275;2;100.00;100.00
1296;1283;2;100.00;100.00
1297;1299;4;120.00;120.00
1298;1301;1;85.00;90.00
1299;1303;2;85.00;85.00
1301;1305;2;85.00;85.00
1302;1307;2;230.00;230.00
1303;1038;2;680.00;680.00
1304;1122;2;200.00;200.00
1305;1122;1;650.00;650.00
1306;1308;1;2550.00;2550.00
1307;1281;2;85.00;85.00
1308;1285;2;85.00;85.00
1309;1302;2;85.00;85.00
1310;1294;2;85.00;85.00
1311;1298;2;170.00;170.00
1312;1306;2;85.00;85.00
1313;1311;2;165.00;165.00
1314;1311;1;9.00;9.00
1315;1312;1;180.00;180.00
1316;1315;1;88.00;88.00
1317;1313;2;340.00;340.00
1318;1179;2;85.00;85.00
1319;1316;2;85.00;85.00
1320;1317;1;85.00;100.00
1321;1319;3;120.00;120.00
1322;1320;1;120.00;150.00
1323;1321;3;120.00;120.00
1324;1322;2;120.00;120.00
1325;1324;1;110.00;110.00
1327;1326;1;255.00;255.00
1328;1328;4;120.00;120.00
1329;1331;2;85.00;85.00
1330;1332;3;120.00;120.00
1331;1333;2;70.00;70.00
1332;1333;1;100.00;100.00
1333;1334;1;120.00;120.00
1334;1232;2;285.00;285.00
1335;1323;2;85.00;85.00
1336;1327;2;85.00;85.00
1337;1329;2;85.00;85.00
1338;1330;2;85.00;85.00
1339;1337;1;105.00;105.00
1340;1338;3;120.00;120.00
1342;1341;1;102.00;102.00
1343;1343;3;120.00;120.00
1345;1342;6;120.00;120.00
1346;724;2;3145.00;3145.00
1347;1251;1;152.11;152.11
1348;1345;3;115.00;115.00
1349;1347;3;120.00;120.00
1351;1251;2;2992.89;2992.89
1352;1293;2;1105.00;1105.00
1353;1309;2;765.00;765.00
1354;1349;2;120.00;120.00
1355;1350;1;170.00;170.00
1356;1351;1;120.00;120.00
1357;1352;1;120.00;150.00
1358;1353;1;425.00;425.00
1359;1344;1;86.55;86.55
1360;1344;2;1613.45;1613.45
1361;1354;3;115.00;115.00
1362;1355;1;650.00;650.00
1363;1355;2;200.00;200.00
1364;1358;2;255.00;255.00
1366;1362;4;120.00;120.00
1367;1363;3;120.00;120.00
1368;1364;2;595.00;595.00
1369;1365;1;180.00;180.00
1372;1359;2;425.00;425.00
1373;1368;2;270.00;270.00
1374;1370;1;255.00;255.00
1375;1371;2;113.27;113.27
1376;1371;1;56.73;60.00
1377;1373;4;120.00;120.00
1378;1372;3;115.00;115.00
1379;1374;4;115.00;115.00
1380;1375;4;120.00;120.00
1382;1377;1;115.00;115.00
1383;1378;1;120.00;120.00
1384;1379;3;120.00;120.00
1385;1380;2;85.00;85.00
1386;1336;2;85.00;85.00
1387;1367;2;85.00;85.00
1388;1381;4;230.00;230.00
1389;1382;1;291.00;291.00
1391;1385;1;90.00;90.00
1392;1388;1;95.00;95.00
1393;1389;1;85.00;100.00
1394;1357;1;583.45;583.45
1395;1357;2;691.55;691.55
1397;1393;1;115.00;150.00
1398;1392;3;120.00;120.00
1399;1391;4;120.00;120.00
1400;1394;3;120.00;120.00
1401;1395;1;425.00;425.00
1402;1396;1;50.00;50.00
1403;1396;3;70.00;70.00
1404;1386;2;95.00;95.00
1405;1398;3;120.00;120.00
1406;1401;1;115.00;150.00
1408;1402;2;120.00;120.00
1409;1400;2;340.00;340.00
1410;1403;3;120.00;120.00
1412;1404;2;226.75;226.75
1413;1404;2;28.25;28.25
1414;1405;1;120.00;120.00
1415;1406;1;115.00;150.00
1416;1407;1;115.00;115.00
1417;1408;2;170.00;170.00
1418;1409;2;100.00;100.00
1419;1410;6;115.00;115.00
1420;1411;1;85.00;85.00
1421;1413;1;120.00;150.00
1422;1414;1;255.00;255.00
1423;1415;4;120.00;120.00
1424;1416;6;115.00;115.00
1426;1417;3;120.00;120.00
1427;1339;2;110.00;110.00
1428;1419;3;115.00;115.00
1429;1421;1;115.00;150.00
1430;1422;3;115.00;115.00
1431;1423;1;115.00;120.00
1432;1412;2;85.00;85.00
1433;1420;2;85.00;85.00
1434;1425;1;115.00;115.00
1435;1424;2;85.00;85.00
1436;1390;1;510.30;510.30
1437;1390;2;1189.70;1189.70
1438;1348;1;1017.50;1017.50
1439;1348;2;682.50;682.50
1440;1113;1;90.00;90.00
1442;1429;1;95.00;95.00
1443;1430;1;255.00;255.00
1444;1431;2;180.00;180.00
1445;1427;3;100.00;100.00
1447;1434;3;115.00;115.00
1448;1432;3;120.00;120.00
1449;1436;1;2550.00;2550.00
1450;1397;2;3000.00;3000.00
1451;1397;1;400.00;400.00
1452;1399;1;340.00;340.00
1453;1433;2;100.00;100.00
1454;1437;2;120.00;120.00
1455;1439;1;180.00;180.00
1456;1443;2;120.00;120.00
1457;1441;3;120.00;120.00
1458;1442;1;120.00;150.00
1459;1444;6;115.00;115.00
1460;1447;6;120.00;120.00
1461;1448;1;100.00;100.00
1462;1449;6;120.00;120.00
1463;1450;4;120.00;120.00
1464;1438;2;85.00;85.00
1465;1453;1;340.00;340.00
1466;1451;3;190.00;190.00
1467;1440;2;200.00;200.00
1468;1318;2;100.00;100.00
1469;1457;2;170.00;170.00
1470;1456;2;665.00;665.00
1471;1456;1;185.00;185.00
1473;1459;1;120.00;120.00
1474;1458;4;120.00;120.00
1475;1460;4;115.00;115.00
1476;1461;3;115.00;115.00
1477;1462;4;0.11;0.11
1478;1462;4;114.89;114.89
1479;1435;2;496.00;496.00
1480;1435;1;269.00;269.00
1481;1463;1;120.00;120.00
1482;1466;3;115.00;115.00
1483;1445;1;250.00;250.00
1485;1445;2;868.05;868.05
1486;1445;2;496.95;496.95
1489;1470;1;85.00;100.00
1490;1469;4;120.00;120.00
1491;1471;4;115.00;115.00
1492;1446;2;190.00;190.00
1493;1468;1;120.00;120.00
1494;977;1;210.00;210.00
1495;1034;1;210.00;210.00
1496;1109;1;315.00;315.00
1497;1192;1;315.00;315.00
1498;1244;1;105.00;105.00
1499;1310;1;210.00;210.00
1500;1384;1;315.00;315.00
1501;1475;1;170.00;170.00
1502;1476;1;180.00;180.00
1504;1473;2;100.00;100.00
1506;1477;4;120.00;120.00
1507;1478;6;120.00;120.00
1508;1479;1;115.00;115.00
1509;1480;3;115.00;115.00
1510;1483;2;425.00;425.00
1511;1485;2;760.00;760.00
1512;1486;1;110.00;110.00
1513;1487;4;120.00;120.00
1514;1484;2;90.00;90.00
1515;1488;2;100.00;100.00
1516;1489;3;120.00;120.00
1517;1490;1;120.00;120.00
1518;1491;2;120.00;120.00
1519;1492;1;190.00;190.00
1520;1493;4;120.00;120.00
1521;1494;1;120.00;200.00
1522;1495;4;115.00;115.00
1523;1498;2;170.00;170.00
1524;1481;2;85.00;85.00
1525;1467;2;85.00;85.00
1526;1499;2;120.00;120.00
1527;1501;1;120.00;120.00
1528;1454;2;85.00;85.00
1529;1465;1;500.00;500.00
1530;1465;2;2900.00;2900.00
1531;1314;2;170.00;170.00
1532;1314;2;680.00;680.00
1534;1503;3;115.00;115.00
1535;1502;2;103.00;103.00
1536;1505;1;190.00;190.00
1538;1506;1;170.00;170.00
1539;1464;2;1275.00;1275.00
1540;1464;2;850.00;850.00
1541;1507;1;1360.00;1360.00
1542;1510;1;40.00;40.00
1543;1510;2;80.00;80.00
1544;1504;1;100.00;100.00
1545;1511;4;120.00;120.00
1547;1508;2;595.00;595.00
1548;1513;1;220.00;220.00
1550;1515;1;120.00;120.00
1552;1426;2;110.00;110.00
1553;1514;3;120.00;120.00
1554;1516;6;120.00;120.00
1555;1518;2;85.00;85.00
1556;1519;2;85.00;85.00
1557;1520;1;112.00;112.00
1558;1521;2;85.00;85.00
1560;1523;6;85.00;85.00
1561;1522;6;120.00;120.00
1562;1524;1;115.00;200.00
1563;1496;2;85.00;85.00
1564;1497;2;85.00;85.00
1565;1527;3;120.00;120.00
1566;1528;4;115.00;115.00
1567;1500;1;700.00;700.00
1568;1500;6;42.30;42.30
1569;1500;2;957.70;957.70
1570;1529;3;120.00;120.00
1571;1530;1;255.00;255.00
1572;1531;1;120.00;120.00
1573;1532;3;100.00;100.00
1574;1532;1;10.00;10.00
1575;1533;3;120.00;120.00
1576;1534;3;120.00;120.00
1577;1535;3;120.00;120.00
1578;1537;6;100.00;100.00
1579;1538;3;120.00;120.00
1584;1543;1;170.00;170.00
1585;1544;1;90.00;90.00
1586;1545;2;120.00;120.00
1587;1546;4;115.00;115.00
1588;1547;4;100.00;100.00
1589;1548;2;85.00;85.00
1591;1549;1;120.00;120.00
1592;1550;4;115.00;115.00
1593;1551;3;120.00;120.00
1594;1552;3;120.00;120.00
1595;1554;1;120.00;120.00
1596;1555;1;120.00;200.00
1597;1557;2;100.00;100.00
1598;1558;1;115.00;150.00
1599;1559;1;120.00;150.00
1600;1556;6;285.00;285.00
1601;1561;1;120.00;120.00
1602;1356;6;700.00;700.00
1603;1356;1;150.00;150.00
1604;1563;1;2125.00;2125.00
1605;1564;1;1230.00;1230.00
1606;1560;3;120.00;120.00
1607;1565;1;85.00;85.00
1608;1541;1;95.00;100.00
1609;1566;1;87.00;100.00
1611;1570;6;85.00;85.00
1612;1568;6;300.00;300.00
1613;1526;6;85.00;85.00
1614;1553;6;340.00;340.00
1615;1571;2;660.00;660.00
1619;1574;6;115.00;115.00
1620;1575;1;120.00;120.00
1621;1576;2;123.12;123.12
1622;1576;6;46.88;46.88
1623;1577;6;120.00;120.00
1624;1571;2;440.00;440.00
1625;1578;4;60.00;60.00
1626;1578;3;60.00;60.00
1627;1579;6;115.00;115.00
1628;1562;6;340.00;340.00
1630;1572;1;765.00;765.00
1631;1580;1;285.00;300.00
1632;1582;6;85.00;85.00
1633;1583;1;120.00;120.00
1634;1584;1;120.00;120.00
1635;1585;6;85.00;85.00
1636;1586;1;120.00;120.00
1637;1588;6;85.00;85.00
1638;1590;3;115.00;115.00
1639;1591;6;85.00;85.00
1640;1594;4;120.00;120.00
1641;1595;1;115.00;200.00
1642;1587;7;142.42;142.42
1643;1596;6;85.00;85.00
1644;1589;6;85.00;85.00
1645;1597;2;820.20;820.20
1646;1597;6;294.80;294.80
1647;1597;1;500.00;500.00
1648;1601;1;2210.00;2210.00
1649;1602;3;120.00;120.00
1650;1592;1;425.00;425.00
1651;1603;6;85.00;85.00
1652;1604;6;85.00;85.00
1653;1606;1;174.00;174.00
1654;1607;1;95.00;95.00
1655;1608;1;170.00;170.00
1656;1609;1;180.00;180.00
1657;1611;4;115.00;115.00
1658;1612;1;115.00;115.00
1659;1614;3;120.00;120.00
1660;1615;6;115.00;115.00
1661;1616;4;115.00;115.00
1662;1617;1;85.00;85.00
1663;1618;4;120.00;120.00
1664;1620;4;115.00;115.00
1665;1621;1;180.00;180.00
1666;1622;4;115.00;115.00
1667;1623;1;85.00;100.00
1668;1536;6;110.00;110.00
1670;1625;1;112.00;112.00
1671;1599;1;425.00;425.00
1672;1626;1;120.00;120.00
1675;1631;6;120.00;120.00
1677;1633;1;115.00;120.00
1678;1629;4;120.00;120.00
1679;1634;2;120.00;120.00
1680;1632;4;120.00;120.00
1681;1635;1;180.00;200.00
1682;1636;1;120.00;120.00
1684;1628;6;200.00;200.00
1685;1637;1;120.00;120.00
1686;1639;3;120.00;120.00
1687;1539;1;200.00;200.00
1688;1539;6;295.10;295.10
1689;1539;2;1119.90;1119.90
1690;1638;6;610.00;610.00
1691;1638;1;240.00;240.00
1692;1640;1;1105.00;1105.00
1693;1581;6;550.00;550.00
1694;1581;1;300.00;300.00
1695;1641;1;255.00;255.00
1696;1600;1;680.00;680.00
1697;1645;1;115.00;120.00
1698;1646;2;15.00;15.00
1699;1646;1;85.00;100.00
1702;1648;6;120.00;120.00
1703;1649;4;120.00;120.00
1704;1650;1;85.00;100.00
1705;1651;1;115.00;120.00
1706;1652;6;85.00;85.00
1709;1655;1;85.00;100.00
1710;1654;3;120.00;120.00
1711;1656;1;85.00;85.00
1712;1658;1;120.00;120.00
1714;1663;3;120.00;120.00
1715;1657;6;340.00;340.00
1716;1666;3;115.00;115.00
1717;1619;6;300.00;300.00
1718;1642;6;340.00;340.00
1719;1661;6;120.00;120.00
1720;1660;6;170.00;170.00
1721;1667;1;255.00;255.00
1722;1542;1;327.00;327.00
1723;1474;1;218.00;218.00
1724;1361;1;109.00;109.00
1725;1273;1;218.00;218.00
1726;1099;1;109.00;109.00
1728;975;1;218.00;218.00
1733;883;1;216.00;216.00
1734;1018;1;545.00;545.00
1735;1669;3;120.00;120.00
1736;1472;6;850.00;850.00
1737;1540;6;850.00;850.00
1738;1668;1;120.00;120.00
1739;1670;3;120.00;120.00
1740;1598;6;85.00;85.00
1741;1671;3;120.00;120.00
1742;1672;3;120.00;120.00
1743;1673;4;115.00;115.00
1744;1674;1;120.00;120.00
1745;1675;1;85.00;100.00
1746;1676;4;120.00;120.00
1747;1677;1;180.00;180.00
1749;1678;4;120.00;120.00
1750;1682;3;300.00;300.00
1751;1683;1;115.00;115.00
1752;1684;1;120.00;120.00
1753;1686;1;85.00;85.00
1754;1687;1;85.00;100.00
1755;1688;4;120.00;120.00
1756;1689;6;85.00;85.00
1757;1690;1;170.00;200.00
1758;1664;6;85.00;85.00
1759;1659;6;85.00;85.00
1760;1692;4;120.00;120.00
1762;1693;4;120.00;120.00
1763;1694;3;120.00;120.00
1764;1613;2;1700.00;1700.00
1765;1644;1;616.90;616.90
1766;1644;2;1253.10;1253.10
1767;1698;1;85.00;85.00
1768;1700;7;130.00;130.00
1770;1679;6;85.00;85.00
1771;1685;6;85.00;85.00
1772;1704;1;120.00;200.00
1774;1705;2;120.60;120.60
1775;1705;1;49.40;50.00
1776;1707;1;95.00;100.00
1777;1708;6;255.00;255.00
1778;1709;6;90.00;90.00
1779;1710;6;120.00;120.00
1780;1711;3;120.00;120.00
1782;1712;4;120.00;120.00
1783;1713;3;115.00;115.00
1784;1714;1;100.00;100.00
1785;1697;6;103.00;103.00
1786;1715;1;170.00;170.00
1787;1717;1;170.00;170.00
1788;1718;1;270.00;270.00
1790;1719;6;120.00;120.00
1791;1721;6;120.00;120.00
1792;1723;1;115.00;150.00
1793;1725;6;200.00;200.00
1795;1627;2;110.00;110.00
1796;1726;2;120.00;120.00
1797;1728;1;120.00;150.00
1798;1722;6;85.00;85.00
1799;1699;6;255.00;255.00
1800;1680;1;400.00;400.00
1801;1680;6;376.25;376.25
1802;1680;2;923.75;923.75
1803;1732;7;130.00;130.00
1804;1702;1;1615.00;1615.00
1805;1733;1;1700.00;1700.00
1806;1734;6;200.00;200.00
1807;1737;4;120.00;120.00
1808;1738;7;130.00;130.00
1809;1739;3;100.00;100.00
1810;1740;6;120.00;120.00
1811;1743;4;115.00;115.00
1812;1727;6;190.00;190.00
1813;1745;1;120.00;120.00
1814;1742;6;85.00;85.00
1815;1695;6;765.00;765.00
1816;1748;1;115.00;150.00
1817;1749;3;115.00;115.00
1818;1610;6;500.00;500.00
1819;1610;1;350.00;350.00
1820;1751;1;105.00;105.00
1821;1747;6;85.00;85.00
1822;1744;6;85.00;85.00
1823;1754;1;1445.00;1445.00
1824;1757;1;95.00;100.00
1825;1750;6;85.00;85.00
1826;1696;1;600.00;600.00
1827;1696;6;277.71;277.71
1828;1696;2;822.29;822.29
1829;1759;1;120.00;200.00
1830;1760;6;120.00;120.00
1831;1762;1;115.00;115.00
1832;1763;1;1230.00;1230.00
1833;1764;1;255.00;255.00
1834;1765;1;95.00;95.00
1835;1768;3;120.00;120.00
1836;1770;6;85.00;85.00
1837;1771;3;120.00;120.00
1838;1772;5;120.00;120.00
1839;1773;3;115.00;115.00
1840;1775;4;120.00;120.00
1841;1777;1;180.00;180.00
1842;1778;6;100.00;100.00
1843;1780;4;120.00;120.00
1844;1729;6;170.00;170.00
1845;1776;6;510.00;510.00
1846;1781;3;120.00;120.00
1847;1782;4;120.00;120.00
1849;1784;3;120.00;120.00
1850;1774;6;85.00;85.00
1851;1730;1;400.00;400.00
1852;1730;6;344.43;344.43
1853;1730;2;955.57;955.57
1854;1786;2;110.97;110.97
1855;1786;6;59.03;59.03
1856;1788;3;120.00;120.00
1857;1787;1;1530.00;1530.00
1858;1789;3;100.00;100.00
1859;1791;1;120.00;150.00
1860;1792;1;255.00;255.00
1861;1793;1;115.00;200.00
1862;1795;1;120.00;120.00
1863;1796;1;100.00;100.00
1864;1797;3;115.00;115.00
1865;1798;6;255.00;255.00
1866;1801;3;120.00;120.00
1867;1803;1;85.00;100.00
1868;1790;6;255.00;255.00
1869;1802;6;255.00;255.00
1870;1804;3;115.00;115.00
1871;1805;3;120.00;120.00
1872;1807;3;115.00;115.00
1873;1799;6;85.00;85.00
1874;1809;1;115.00;120.00
1875;1812;1;850.00;850.00
1876;1756;2;692.35;692.35
1877;1756;6;497.65;497.65
1878;1815;1;174.00;174.00
1879;1816;1;255.00;255.00
1880;1817;1;120.00;200.00
1881;1818;4;115.00;115.00
1882;1819;1;100.00;100.00
1884;1820;1;10.00;10.00
1885;1820;6;110.00;110.00
1886;1821;6;120.00;120.00
1887;1810;6;340.00;340.00
1888;1822;1;340.00;340.00
1889;1823;6;90.00;90.00
1890;1143;1;105.00;105.00
1891;1811;6;510.00;510.00
1894;1808;6;85.00;85.00
1895;1716;1;218.00;218.00
1896;1826;1;285.00;285.00
1897;1827;1;180.00;180.00
1898;1828;1;170.00;170.00
1899;1829;3;240.00;240.00
1900;1830;1;255.00;255.00
1901;1831;1;120.00;120.00
1902;1832;1;100.00;100.00
1904;1833;4;120.00;120.00
1905;1834;3;115.00;115.00
1906;1838;1;120.00;120.00
1907;1839;1;115.00;150.00
1908;1840;1;120.00;120.00
1909;1841;1;120.00;120.00
1910;1836;6;300.00;300.00
1911;1843;3;115.00;115.00
1912;1844;1;120.00;120.00
1913;1845;6;115.00;115.00
1914;1837;1;190.00;190.00
1915;1846;6;100.00;100.00
1916;1847;4;115.00;115.00
1917;1848;4;115.00;115.00
1918;1849;3;120.00;120.00
1919;1835;6;170.00;170.00
1920;1853;4;120.00;120.00
1921;1852;3;120.00;120.00
1922;1860;1;170.00;170.00
1923;1741;6;850.00;850.00
1924;1643;1;300.00;300.00
1926;1643;6;550.00;550.00
1927;1862;3;115.00;115.00
1928;1863;6;480.00;480.00
1929;1864;3;115.00;115.00
1931;1865;4;120.00;120.00
1932;1866;3;115.00;115.00
1933;1867;1;120.00;200.00
1934;1868;1;180.00;180.00
1935;1870;1;85.00;100.00
1936;1871;1;425.00;425.00
1937;1873;1;340.00;340.00
1938;1869;1;340.00;340.00
1939;1869;6;170.00;170.00
1940;1785;1;400.00;400.00
1941;1785;6;361.73;361.73
1942;1785;2;938.27;938.27
1944;1875;1;120.00;120.00
1945;1874;1;120.00;200.00
1948;1876;1;82.00;82.00
1949;1877;1;170.00;170.00
1950;1842;6;425.00;425.00
1952;1766;1;105.00;105.00
1953;1706;1;315.00;315.00
1954;1605;1;315.00;315.00
1955;1567;1;210.00;210.00
1956;1428;1;210.00;210.00
1957;1452;1;210.00;210.00
1958;1509;1;210.00;210.00
1959;1880;1;115.00;115.00
1960;1881;1;115.00;115.00
1961;1882;1;120.00;120.00
1962;1883;4;120.00;120.00
1963;1884;1;120.00;120.00
1964;1885;3;115.00;115.00
1965;1887;6;110.00;110.00
1966;1890;3;230.00;230.00
1967;1889;1;120.00;120.00
1969;1891;1;110.00;150.00
1970;1893;1;120.00;120.00
1971;1895;1;87.00;100.00
1972;1896;3;100.00;100.00
1973;1897;3;115.00;115.00
1974;1897;6;115.00;115.00
1975;1898;3;115.00;115.00
1976;1850;6;85.00;85.00
1977;1899;1;120.00;120.00
1980;1879;2;285.00;285.00
1981;1900;1;180.00;180.00
1982;1813;1;500.00;500.00
1983;1813;2;350.00;350.00
1984;1902;1;90.00;90.00
1985;1904;3;120.00;120.00
1986;1886;6;170.00;170.00
1987;1905;1;85.00;100.00
1988;1769;6;110.00;110.00
1989;1909;1;1275.00;1275.00
1990;1857;2;3655.00;3655.00
1991;1907;6;200.00;200.00
1992;1911;1;87.00;87.00
1993;1912;1;95.00;95.00
1994;1913;1;95.00;95.00
1995;1914;1;680.00;680.00
1996;1915;1;180.00;180.00
1997;1916;6;115.00;115.00
1998;1917;4;115.00;115.00
1999;1919;3;120.00;120.00
2000;1920;1;85.00;100.00
2001;1921;1;115.00;150.00
2002;1922;2;85.00;85.00
2004;1924;3;120.00;120.00
2005;1925;3;115.00;115.00
2006;1927;1;180.00;180.00
2007;945;1;109.00;109.00
2008;1928;1;115.00;120.00
2009;1929;7;130.00;130.00
2010;1903;6;340.00;340.00
2011;1930;6;85.00;85.00
2012;1931;4;120.00;120.00
2014;1933;3;120.00;120.00
2015;1934;4;120.00;120.00
2016;1935;1;115.00;115.00
2017;1936;3;115.00;115.00
2018;1854;6;1041.93;1041.93
2019;1854;2;1933.07;1933.07
2020;1926;6;170.00;170.00
2021;1937;6;85.00;85.00
2022;1923;6;340.00;340.00
2023;1901;2;859.47;859.47
2024;1901;1;500.00;500.00
2025;1901;6;85.53;85.53
2026;1941;3;120.00;120.00
2027;1942;3;120.00;120.00
2028;1943;1;170.00;170.00
2029;1918;6;85.00;85.00
2030;1946;1;120.00;150.00
2031;1938;6;425.00;425.00
2032;1859;6;850.00;850.00
2033;1947;3;120.00;120.00
2034;1945;6;85.00;85.00
2035;1949;1;190.00;190.00
2036;1939;1;500.00;500.00
2037;1939;2;1189.30;1189.30
2038;1939;6;10.70;10.70
2039;1951;1;170.00;200.00
2040;1956;6;120.00;120.00
2041;1957;3;120.00;120.00
2042;1958;1;85.00;85.00
2043;1953;6;1230.00;1230.00
2044;1954;1;850.00;850.00
2045;1960;3;115.00;115.00
2046;1962;6;120.00;120.00
2047;1964;3;115.00;115.00
2051;1963;2;128.00;128.00
2052;1963;1;42.00;100.00
2053;1965;1;1700.00;1700.00
2054;1968;6;120.00;120.00
2055;1969;3;120.00;120.00
2056;1966;6;85.00;85.00
2057;1967;6;85.00;85.00
2058;1959;6;85.00;85.00
2059;1948;6;85.00;85.00
2060;1952;1;1000.00;1000.00
2061;1952;6;83.00;83.00
2062;1952;2;702.00;702.00
2063;1971;6;100.00;100.00
2064;1972;3;100.00;100.00
2065;1973;1;120.00;150.00
2066;1974;6;170.00;170.00
2067;1955;6;765.00;765.00
2068;1975;3;120.00;120.00
2069;1976;4;115.00;115.00
2070;1977;1;190.00;190.00
2073;1978;4;250.00;250.00
2074;1978;3;50.00;50.00
2075;1980;3;115.00;115.00
2076;1152;1;120.00;120.00
2077;1981;3;120.00;120.00
2078;1982;1;120.00;120.00
2080;1985;6;115.00;115.00
2081;1986;3;115.00;115.00
2082;1988;1;120.00;120.00
2083;1979;6;340.00;340.00
2084;1989;1;100.00;100.00
2085;1990;4;120.00;120.00
2086;1992;3;115.00;115.00
2087;1961;6;85.00;85.00
2088;1970;2;829.92;829.92
2089;1970;6;615.08;615.08
2090;1996;1;200.00;200.00
2091;1996;6;565.00;565.00
2092;1997;3;230.00;230.00
2093;1998;6;170.00;170.00
2094;1994;6;200.00;200.00
2095;1950;6;103.00;103.00
2096;2000;1;95.00;95.00
2097;2002;1;95.00;95.00
2099;2004;1;90.00;90.00
2100;2005;1;261.00;261.00
2101;2006;4;120.00;120.00
2102;2007;1;120.00;120.00
2103;2008;6;120.00;120.00
2104;1906;6;110.00;110.00
2105;2010;1;110.00;110.00
2106;2011;4;120.00;120.00
2107;2012;1;85.00;100.00
2108;2013;3;120.00;120.00
2109;2015;1;450.00;450.00
2110;1991;2;425.00;425.00
2111;2014;1;425.00;425.00
2113;2019;4;120.00;120.00
2114;1995;6;680.00;680.00
2115;2021;6;85.00;85.00
2116;2023;6;170.00;170.00
2117;2018;4;120.00;120.00
2118;2025;1;115.00;115.00
2119;2026;3;115.00;115.00
2120;1944;6;765.00;765.00
2121;2017;6;85.00;85.00
2122;2020;6;85.00;85.00
2123;2022;6;85.00;85.00
2124;2024;6;85.00;85.00
2125;2030;1;100.00;100.00
2126;2027;1;120.00;150.00
2127;2031;4;115.00;115.00
2128;2032;1;120.00;120.00
2129;2033;1;120.00;150.00
2130;2034;3;115.00;115.00
2131;2035;1;120.00;120.00
2132;2036;1;190.00;190.00
2133;2037;3;115.00;115.00
2134;2038;4;115.00;115.00
2135;2039;3;120.00;120.00
2136;2046;6;340.00;340.00
2137;1993;1;550.00;550.00
2138;1993;6;762.25;762.25
2139;1993;2;812.75;812.75
2140;2049;3;120.00;120.00
2141;2050;6;170.00;170.00
2142;2051;1;120.00;200.00
2143;2047;6;255.00;255.00
2144;2053;1;120.00;120.00
2145;2055;1;115.00;150.00
2147;2056;4;120.00;120.00
2149;2059;3;120.00;120.00
2151;2061;1;100.00;100.00
2152;2062;1;85.00;85.00
2154;2063;6;85.00;85.00
2155;2064;3;120.00;120.00
2156;2065;1;115.00;120.00
2157;2068;1;120.00;150.00
2159;2052;6;170.00;170.00
2160;2070;3;120.00;120.00
2161;2058;6;170.00;170.00
2162;2069;3;120.00;120.00
2163;2071;1;220.00;220.00
2165;2057;2;850.00;850.00
2166;2073;1;112.00;112.00
2168;2075;3;120.00;120.00
2170;2076;1;120.00;150.00
2171;2077;6;120.00;120.00
2172;2078;4;120.00;120.00
2173;2029;6;85.00;85.00
2174;2028;6;85.00;85.00
2175;2080;3;115.00;115.00
2176;2067;6;265.00;265.00
2177;2067;1;75.00;100.00
2178;2081;1;120.00;120.00
2179;2082;1;120.00;120.00
2180;2083;3;120.00;120.00
2181;2084;1;115.00;120.00
2182;2085;3;115.00;115.00
2183;2086;1;120.00;150.00
2184;2054;2;200.00;200.00
2185;2016;2;100.00;100.00
2186;2044;2;3157.37;3157.37
2187;2044;1;752.63;752.63
2188;2089;4;115.00;115.00
2189;2090;6;180.00;180.00
2190;1858;2;850.00;850.00
2191;2079;6;85.00;85.00
2192;2091;6;170.00;170.00
2193;2093;1;1275.00;1275.00
2194;1983;1;1700.00;1700.00
2195;2095;2;13.00;13.00
2196;2095;1;161.00;161.00
2197;2096;1;95.00;95.00
2198;2099;4;115.00;115.00
2199;2100;6;120.00;120.00
2200;2101;7;130.00;130.00
2201;2102;4;115.00;115.00
2202;2103;1;240.00;250.00
2203;2104;1;100.00;100.00
2204;2105;3;120.00;120.00
2205;2106;3;235.00;235.00
2206;2107;1;315.00;315.00
2207;2108;1;180.00;180.00
2208;2109;1;120.00;150.00
2209;2009;6;110.00;110.00
2210;2110;6;85.00;85.00
2211;2111;3;115.00;115.00
2212;2112;4;120.00;120.00
2213;2087;6;255.00;255.00
2214;2113;3;115.00;115.00
2215;2114;3;120.00;120.00
2216;2098;6;595.00;595.00
2217;2097;6;85.00;85.00
2218;2115;1;120.00;120.00
2219;2088;1;400.00;400.00
2221;2088;6;42.96;42.96
2222;2088;2;917.04;917.04
2223;2117;1;120.00;150.00
2224;2118;1;120.00;120.00
2225;2119;1;240.00;250.00
2226;2121;1;1700.00;1700.00
2227;2043;2;3325.00;3325.00
2228;2043;2;415.00;415.00
2230;2123;3;120.00;120.00
2231;2124;1;120.00;150.00
2232;2122;1;100.00;100.00
2233;2125;6;170.00;170.00
2234;2127;3;115.00;115.00
2235;2126;1;103.00;103.00
2236;2129;1;120.00;120.00
2238;2131;6;120.00;120.00
2239;2130;4;60.00;60.00
2240;2130;1;60.00;60.00
2241;2128;6;1230.00;1230.00
2243;2133;3;120.00;120.00
2244;2134;3;115.00;115.00
2245;2135;1;120.00;200.00
2246;2136;3;100.00;100.00
2247;2120;2;331.00;331.00
2248;2120;6;9.00;9.00
2251;2138;6;85.00;85.00
2252;2141;6;120.00;120.00
2253;2144;1;95.00;95.00
2254;2143;1;765.00;765.00
2255;2145;6;120.00;120.00
2256;2146;1;120.00;150.00
2257;2147;1;120.00;120.00
2258;2148;6;60.00;60.00
2259;2148;1;60.00;60.00
2260;2149;6;120.00;120.00
2261;2151;1;120.00;150.00
2262;2153;1;120.00;120.00
2263;2152;1;100.00;100.00
2264;2140;6;850.00;850.00
2265;2154;4;120.00;120.00
2267;2158;6;170.00;170.00
2268;2139;6;255.00;255.00
2269;2116;2;1182.37;1182.37
2270;2116;2;347.63;347.63
2271;2137;1;383.50;383.50
2272;2137;2;1316.50;1316.50
2274;2163;1;120.00;120.00
2275;2162;4;120.00;120.00
2276;2164;1;1615.00;1615.00
2277;2165;3;100.00;100.00
2278;2167;4;115.00;115.00
2279;2156;6;170.00;170.00
2280;2168;3;115.00;115.00
2281;2169;3;120.00;120.00
2282;2170;1;85.00;85.00
2284;2171;4;120.00;120.00
2285;2173;1;340.00;350.00
2286;2174;3;115.00;115.00
2287;2175;4;115.00;115.00
2288;2176;1;255.00;300.00
2289;2177;1;85.00;100.00
2290;2166;1;70.00;70.00
2291;2166;6;185.00;185.00
2292;2178;1;340.00;340.00
2293;2178;6;340.00;340.00
2294;2179;2;100.00;100.00
2295;2172;6;170.00;170.00
2296;2183;1;95.00;95.00
2297;2185;1;180.00;180.00
2300;2186;1;174.00;174.00
2301;2150;2;1700.00;1700.00
2302;2187;2;1760.00;1760.00
2303;2188;1;50.00;50.00
2304;2188;6;62.00;62.00
2305;2191;6;85.00;85.00
2306;2192;1;285.00;285.00
2307;2193;6;85.00;85.00
2308;2194;1;180.00;180.00
2309;2196;1;120.00;120.00
2310;2197;3;115.00;115.00
2311;2198;6;85.00;85.00
2312;2159;6;110.00;110.00
2313;2201;3;110.00;110.00
2314;2201;1;5.00;5.00
2315;2202;3;120.00;120.00
2316;2203;1;115.00;115.00
2317;2189;6;170.00;170.00
2318;2204;4;120.00;120.00
2320;2207;3;230.00;230.00
2321;2206;3;120.00;120.00
2322;2209;1;120.00;120.00
2323;2208;1;180.00;180.00
2324;2210;1;115.00;120.00
2325;2211;3;115.00;115.00
2326;2213;1;85.00;100.00
2327;2215;1;100.00;100.00
2328;2216;4;120.00;120.00
2329;2212;6;200.00;200.00
2330;2217;4;115.00;115.00
2332;2218;1;120.00;150.00
2333;2219;1;90.00;90.00
2334;2182;1;105.00;105.00
2335;2182;2;830.00;830.00
2336;2223;6;680.00;680.00
2337;1814;6;210.00;210.00
2338;1878;6;210.00;210.00
2339;1910;6;210.00;210.00
2340;1999;6;420.00;420.00
2341;2094;6;210.00;210.00
2342;2142;6;420.00;420.00
2343;2226;3;120.00;120.00
2344;2227;3;120.00;120.00
2346;2229;4;120.00;120.00
2347;2228;6;120.00;120.00
2348;2230;4;120.00;120.00
2349;2231;1;120.00;120.00
2350;2232;6;85.00;85.00
2351;2224;6;680.00;680.00
2352;2233;3;120.00;120.00
2353;2222;1;255.00;255.00
2354;2001;2;850.00;850.00
2355;2040;6;850.00;850.00
2356;2205;6;200.00;200.00
2357;2235;1;120.00;120.00
2358;2236;3;120.00;120.00
2359;2180;6;85.00;85.00
2360;2190;6;85.00;85.00
2361;2238;4;115.00;115.00
2362;2237;6;170.00;170.00
2363;2242;1;120.00;150.00
2364;2245;1;120.00;120.00
2365;2246;3;115.00;115.00
2366;2247;3;120.00;120.00
2367;2249;2;115.00;115.00
2368;2250;6;380.00;380.00
2369;2251;2;85.00;85.00
2370;2240;1;330.00;330.00
2371;2240;6;180.00;180.00
2372;2253;3;115.00;115.00
2373;2160;1;1300.00;1300.00
2374;2160;2;485.00;485.00
2375;2220;6;511.71;511.71
2376;2220;2;2803.29;2803.29
2377;2200;2;85.00;85.00
2378;2195;2;85.00;85.00
2379;2239;6;85.00;85.00
2380;2243;6;85.00;85.00
2381;2225;2;2200.00;2200.00
2382;2255;1;206.00;206.00
2383;2255;2;1554.00;1554.00
2384;2256;1;120.00;120.00
2385;2258;3;120.00;120.00
2386;2259;1;115.00;115.00
2387;2260;3;120.00;120.00
2388;2262;3;115.00;115.00
2389;2263;4;120.00;120.00
2390;2244;6;85.00;85.00
2391;2248;6;85.00;85.00
2392;2264;4;120.00;120.00
2393;2241;1;112.00;112.00
2394;2265;4;120.00;120.00
2395;2266;6;170.00;170.00
2397;2268;4;115.00;115.00
2398;2267;4;120.00;120.00
2399;2269;3;115.00;115.00
2400;2270;1;120.00;150.00
2401;2271;3;115.00;115.00
2402;2272;1;190.00;200.00
2403;2274;3;115.00;115.00
2404;2275;6;120.00;120.00
2405;2254;1;46.10;46.10
2406;2254;2;1738.90;1738.90
2407;2277;1;88.00;89.00
2408;2257;6;850.00;850.00
2409;2278;6;120.00;120.00
2410;2199;6;110.00;110.00
2411;2280;6;92.00;92.00
2412;2280;1;184.00;184.00
2413;2281;1;88.00;100.00
2414;2282;1;120.00;120.00
2415;2283;1;115.00;120.00
2416;2284;1;120.00;150.00
2417;2285;1;120.00;120.00
2418;2276;1;309.60;309.60
2419;2276;2;1517.40;1517.40
2420;2287;1;120.00;150.00
2421;2288;2;1800.00;1800.00
2422;2234;6;1020.00;1020.00
2423;2291;1;300.00;300.00
2424;2292;3;120.00;120.00
2425;2296;3;115.00;115.00
2426;2297;3;200.00;200.00
2427;2298;3;115.00;115.00
2429;2306;1;115.00;150.00
2431;2273;6;103.00;103.00
2432;2301;1;100.00;100.00
2433;2302;1;100.00;100.00
2434;2305;1;285.00;285.00
2435;2304;6;120.00;120.00
2436;2308;1;115.00;120.00
2437;2312;6;88.00;88.00
2438;2313;3;120.00;120.00
2439;2314;3;120.00;120.00
2440;2252;6;510.00;510.00
2441;2315;6;120.00;120.00
2442;2316;3;120.00;120.00
2443;2317;4;120.00;120.00
2444;2293;6;88.00;88.00
2445;2319;3;100.00;100.00
2448;2290;1;704.00;704.00
2449;2323;1;120.00;120.00
2450;2324;4;115.00;115.00
2451;2325;4;120.00;120.00
2452;2328;3;120.00;120.00
2453;2326;6;200.00;200.00
2454;2310;6;88.00;88.00
2455;2330;4;300.00;300.00
2456;2331;1;100.00;100.00
2457;2332;6;120.00;120.00
2458;2333;3;120.00;120.00
2460;2334;1;120.00;150.00
2461;2335;6;120.00;120.00
2462;2286;1;1827.00;1827.00
2463;2321;6;264.00;264.00
2464;2337;6;115.00;115.00
2465;2339;3;115.00;115.00
2466;2341;1;100.00;100.00
2467;2342;1;170.00;170.00
2471;2345;1;1700.00;1700.00
2472;2348;1;120.00;150.00
2473;2349;1;115.00;150.00
2474;2350;1;120.00;120.00
2476;2352;4;115.00;115.00
2477;2353;1;115.00;115.00
2478;2355;6;120.00;120.00
2479;2356;6;120.00;120.00
2480;2338;2;85.00;85.00
2481;2329;2;85.00;85.00
2482;2336;2;85.00;85.00
2483;2359;6;88.00;88.00
2484;2358;1;276.00;276.00
2485;2311;1;190.00;190.00
2486;2074;6;200.00;200.00
2487;2361;6;255.00;255.00
2488;2363;3;120.00;120.00
2489;2365;4;115.00;115.00
2490;2366;3;115.00;115.00
2491;2289;6;110.00;110.00
2492;2368;3;120.00;120.00
2493;2369;6;595.00;595.00
2494;2370;3;60.00;60.00
2495;2370;1;60.00;60.00
2496;2371;3;120.00;120.00
2497;2372;1;120.00;200.00
2498;2373;1;85.00;100.00
2500;2376;1;200.00;200.00
2501;2320;1;1100.00;1100.00
2503;2320;6;327.88;327.88
2504;2320;2;357.12;357.12
2505;2340;6;33.90;33.90
2506;2340;2;1496.10;1496.10
2507;2375;6;82.00;82.00
2508;2382;4;120.00;120.00
2509;2383;1;120.00;120.00
2510;2381;1;500.00;500.00
2511;2381;6;95.00;95.00
2513;2360;2;1740.00;1740.00
2514;2322;2;1260.00;1260.00
2515;2385;4;120.00;120.00
2516;2386;1;120.00;150.00
2517;2387;6;100.00;100.00
2518;2388;1;120.00;120.00
2519;2389;4;115.00;115.00
2520;2390;3;100.00;100.00
2521;2393;3;120.00;120.00
2522;2394;3;115.00;115.00
2523;2395;1;340.00;400.00
2524;2396;4;115.00;115.00
2525;2354;6;85.00;85.00
2526;2357;6;85.00;85.00
2527;2397;1;120.00;150.00
2528;2398;4;120.00;120.00
2529;2400;4;115.00;115.00
2530;2377;6;170.00;170.00
2531;2364;6;300.00;300.00
2533;2402;6;110.00;110.00
2534;2405;3;115.00;115.00
2535;2406;1;170.00;170.00
2536;2407;4;240.00;240.00
2538;2379;1;1132.00;1132.00
2539;2379;2;2778.00;2778.00
2540;2410;1;100.00;100.00
2542;2279;1;83.00;83.00
2544;2413;1;120.00;150.00
2545;2403;6;85.00;85.00
2546;2384;2;2784.00;2784.00
2547;2418;2;1653.00;1653.00
2548;2416;3;100.00;100.00
2549;2417;4;115.00;115.00
2550;2419;1;115.00;115.00
2551;2420;4;115.00;115.00
2552;2421;3;120.00;120.00
2553;2423;1;500.00;500.00
2554;2424;6;200.00;200.00
2555;2425;1;115.00;120.00
2556;2426;6;120.00;120.00
2557;2404;6;85.00;85.00
2558;2429;6;120.00;120.00
2560;2432;3;115.00;115.00
2561;2414;6;765.00;765.00
2562;2409;1;700.00;700.00
2563;2409;6;31.23;31.23
2564;2409;2;1053.77;1053.77
2565;2411;3;100.00;100.00
2566;2318;1;120.00;120.00
2567;2434;6;170.00;170.00
2568;2435;3;120.00;120.00
2569;2437;3;120.00;120.00
2570;2438;6;115.00;115.00
2571;2439;6;120.00;120.00
2572;2440;3;120.00;120.00
2573;2436;6;200.00;200.00
2574;2441;1;120.00;200.00
2575;2442;3;120.00;120.00
2576;2443;1;115.00;115.00
2577;2444;3;100.00;100.00
2578;2415;6;103.00;103.00
2579;2445;1;552.00;552.00
2580;2446;1;120.00;150.00
2581;2447;6;120.00;120.00
2582;2374;6;110.00;110.00
2583;2448;1;85.00;100.00
2584;2427;6;85.00;85.00
2585;2451;1;115.00;200.00
2586;2452;3;120.00;120.00
2587;2433;1;250.00;250.00
2588;2433;6;591.68;591.68
2589;2433;2;943.32;943.32
2590;2455;6;85.00;85.00
2591;2454;2;1914.00;1914.00
2592;2456;3;115.00;115.00
2593;2458;6;120.00;120.00
2594;2460;3;120.00;120.00
2595;2459;1;100.00;100.00
2596;2461;3;115.00;115.00
2598;2463;6;100.00;100.00
2599;2462;1;120.00;120.00
2600;2464;4;120.00;120.00
2601;2467;1;100.00;100.00
2602;2468;1;180.00;200.00
2603;2469;1;100.00;100.00
2605;2473;1;150.00;150.00
2606;2473;4;200.00;200.00
2607;2449;6;85.00;85.00
2608;2474;3;115.00;115.00
2609;2472;6;200.00;200.00
2610;2475;1;100.00;100.00
2611;2476;6;200.00;200.00
2612;2471;2;190.00;190.00
2613;2453;1;400.00;400.00
2614;2453;6;328.40;328.40
2615;2453;2;1056.60;1056.60
2616;1279;1;120.00;120.00
2619;2481;1;112.00;112.00
2620;2457;1;510.00;510.00
2621;2485;6;100.00;100.00
2622;2487;2;1305.00;1305.00
2623;2346;6;480.00;480.00
2624;2488;6;120.00;120.00
2625;2489;1;115.00;125.00
2626;2491;4;120.00;120.00
2627;2492;1;300.00;300.00
2628;2493;1;170.00;170.00
2629;2494;3;120.00;120.00
2630;2495;6;120.00;120.00
2631;2496;3;115.00;115.00
2632;2497;1;120.00;120.00
2634;2499;3;115.00;115.00
2636;2500;6;120.00;120.00
2637;1057;6;1260.00;1260.00
2638;1724;6;1260.00;1260.00
2639;2501;4;115.00;115.00
2641;2502;2;115.00;115.00
2642;2504;2;115.00;115.00
2644;2505;1;120.00;150.00
2645;2479;6;85.00;85.00
2646;2503;6;85.00;85.00
2647;2507;3;115.00;115.00
2648;2508;1;120.00;150.00
2649;2483;1;425.00;425.00
2650;2511;1;120.00;200.00
2652;2515;1;100.00;100.00
2653;2516;6;174.00;174.00
2654;2517;1;95.00;95.00
2655;2399;1;105.00;105.00
2656;2408;1;105.00;105.00
2657;2478;2;911.45;911.45
2658;2478;1;500.00;500.00
2659;2478;6;373.55;373.55
2660;2519;6;120.00;120.00
2661;2520;4;115.00;115.00
2662;2521;1;85.00;100.00
2663;2300;1;1100.00;1100.00
2664;2300;6;90.00;90.00
2665;2523;1;115.00;120.00
2666;2450;6;380.00;380.00
2667;2525;3;115.00;115.00
2668;2526;6;100.00;100.00
2669;2527;4;300.00;300.00
2670;2509;6;595.43;595.43
2671;2509;2;1189.57;1189.57
2673;2528;3;120.00;120.00
2675;2530;4;115.00;115.00
2676;2506;6;85.00;85.00
2677;2512;6;85.00;85.00
2678;2529;1;100.00;100.00
2679;2532;6;85.00;85.00
2680;2533;4;115.00;115.00
2681;2534;1;120.00;150.00
2682;2466;1;300.00;300.00
2683;2466;6;720.00;720.00
2684;2510;1;425.00;425.00
2686;2522;6;300.00;300.00
2687;2540;1;100.00;100.00
2688;2541;2;115.00;115.00
2689;2542;1;87.00;87.00
2691;2181;6;210.00;210.00
2692;2261;6;315.00;315.00
2693;2295;6;105.00;105.00
2694;2299;6;210.00;210.00
2695;2362;6;420.00;420.00
2696;2422;6;420.00;420.00
2697;2465;6;105.00;105.00
2698;2543;6;120.00;120.00
2700;2545;4;110.00;110.00
2703;2547;1;120.00;120.00
2705;2548;6;119.00;119.00
2706;2549;3;115.00;115.00
2707;2550;1;115.00;120.00
2708;2551;4;115.00;115.00
2709;2552;1;115.00;120.00
2710;2553;6;85.00;85.00
2711;2554;1;120.00;120.00
2712;2555;6;120.00;120.00
2714;2556;1;120.00;120.00
2715;2538;6;510.00;510.00
2717;2558;1;85.00;100.00
2718;2560;1;115.00;115.00
2721;2559;1;200.00;200.00
2722;2536;1;200.00;200.00
2723;2536;6;47.53;47.53
2724;2536;2;4002.47;4002.47
2725;2562;3;120.00;120.00
2726;2524;6;85.00;85.00
2727;2557;6;85.00;85.00
2728;2564;6;680.00;680.00
2729;2566;6;85.00;85.00
2730;2568;1;120.00;120.00
2732;2567;1;1496.00;1500.00
2733;2569;4;120.00;120.00
2734;2570;2;120.00;120.00
2735;2573;4;115.00;115.00
2736;2480;6;110.00;110.00
2737;2575;1;120.00;120.00
2738;2577;1;261.00;270.00
2739;2578;1;170.00;170.00
2740;2579;1;100.00;100.00
2741;2581;1;552.00;552.00
2742;2580;6;85.00;85.00
2743;2583;4;115.00;115.00
2744;2584;1;120.00;120.00
2745;2585;1;120.00;150.00
2746;2586;1;115.00;115.00
2748;2588;4;115.00;115.00
2749;2590;1;115.00;115.00
2750;2591;2;115.00;115.00
2751;2593;6;220.00;220.00
2752;2565;6;340.00;340.00
2753;2563;6;170.00;170.00
2754;2594;4;115.00;115.00
2755;2595;3;120.00;120.00
2756;2539;2;2958.00;2958.00
2758;2589;2;954.00;954.00
2759;2589;1;3.00;4.00
2761;2597;3;120.00;120.00
2762;2598;6;230.00;230.00
2763;2599;3;120.00;120.00
2764;2601;1;112.00;112.00
2765;2602;3;115.00;115.00
2766;2603;1;120.00;120.00
2767;2592;6;200.00;200.00
2768;2604;6;120.00;120.00
2769;2572;6;103.00;103.00
2770;2608;3;115.00;115.00
2771;2609;6;120.00;120.00
2772;2610;4;120.00;120.00
2773;2611;1;115.00;120.00
2774;2612;3;120.00;120.00
2775;2613;6;115.00;115.00
2777;2574;6;85.00;85.00
2778;2615;3;115.00;115.00
2779;2561;6;245.87;245.87
2780;2561;2;1454.13;1454.13
2781;2596;2;845.00;845.00
2782;2596;1;600.00;600.00
2783;2617;4;100.00;100.00
2787;2622;1;115.00;150.00
2788;2620;1;120.00;120.00
2789;2623;1;112.00;112.00
2790;2624;3;120.00;120.00
2791;2625;4;230.00;230.00
2792;2626;6;120.00;120.00
2793;2605;1;425.00;425.00
2794;2571;6;110.00;110.00
2795;2631;4;230.00;230.00
2796;2633;1;85.00;100.00
2797;2634;3;120.00;120.00
2798;2628;6;510.00;510.00
2799;2635;2;120.00;120.00
2800;2636;3;105.00;105.00
2801;2637;1;100.00;100.00
2802;2621;6;85.00;85.00
2803;2630;6;85.00;85.00
2804;2616;6;19.95;19.95
2805;2616;1;200.00;200.00
2806;2616;2;1395.05;1395.05
2807;2639;6;85.00;85.00
2808;2640;4;120.00;120.00
2809;2642;1;85.00;100.00
2810;2641;1;120.00;120.00
2811;2643;4;115.00;115.00
2812;2644;1;270.00;270.00
2813;2645;1;190.00;190.00
2814;2647;6;170.00;170.00
2815;2648;6;95.00;95.00
2816;2649;4;120.00;120.00
2817;2650;1;120.00;200.00
2819;2652;1;368.00;368.00
2820;2607;1;427.00;427.00
2821;2607;1;878.00;878.00
2822;2653;1;1392.00;1392.00
2823;2654;4;120.00;120.00
2824;2656;4;115.00;115.00
2825;2657;3;120.00;120.00
2826;2659;4;120.00;120.00
2827;2660;3;120.00;120.00
2828;2661;1;300.00;300.00
2829;2662;6;595.00;595.00
2830;2663;3;120.00;120.00
2831;2632;6;85.00;85.00
2832;2638;6;12.65;12.65
2833;2638;1;600.00;600.00
2834;2638;2;1172.35;1172.35
2835;2535;6;850.00;850.00
2836;2666;1;115.00;115.00
2837;2668;3;300.00;300.00
2838;2669;3;115.00;115.00
2839;2672;1;120.00;150.00
2840;2655;6;100.00;100.00
2841;2673;6;85.00;85.00
2842;2675;1;200.00;200.00
2843;2676;1;194.00;194.00
2846;2679;6;120.00;120.00
2847;2680;3;110.00;110.00
2848;2681;3;120.00;120.00
2849;2683;4;120.00;120.00
2850;2684;1;85.00;85.00
2851;2682;6;290.00;290.00
2852;2685;1;30.00;30.00
2853;2685;4;85.00;85.00
2854;2686;4;115.00;115.00
2855;2690;4;115.00;115.00
2856;2691;6;85.00;85.00
2857;2674;6;425.00;425.00
2858;2689;6;200.00;200.00
2859;2664;6;170.00;170.00
2860;2692;6;200.00;200.00
2861;2693;3;120.00;120.00
2862;2161;1;120.00;150.00
2863;2694;3;115.00;115.00
2864;2695;1;120.00;120.00
2865;2696;6;110.00;110.00
2866;2688;2;1157.58;1157.58
2867;2688;1;627.40;627.40
2868;2688;2;0.02;0.02
2869;2698;1;120.00;200.00
2870;2703;1;276.00;276.00
2871;2155;1;120.00;150.00
2872;2706;1;120.00;120.00
2873;2704;3;100.00;100.00
2874;2707;1;100.00;100.00
2875;2707;3;20.00;20.00
2876;2708;3;230.00;230.00
2878;2710;3;115.00;115.00
2879;2709;4;120.00;120.00
2880;2711;1;120.00;120.00
2881;2712;1;120.00;120.00
2882;2714;1;100.00;100.00
2883;2714;3;15.00;15.00
2884;2715;4;115.00;115.00
2885;2717;1;120.00;120.00
2886;2718;1;50.00;50.00
2887;2718;3;65.00;65.00
2889;2719;4;120.00;120.00
2890;2378;6;109.00;109.00
2891;2401;6;109.00;109.00
2892;2430;6;109.00;109.00
2893;2431;6;109.00;109.00
2894;2513;6;109.00;109.00
2895;2587;6;109.00;109.00
2896;2614;6;109.00;109.00
2897;2618;6;109.00;109.00
2898;2619;6;109.00;109.00
2899;2677;6;109.00;109.00
2900;2705;6;85.00;85.00
2901;2720;6;85.00;85.00
2902;2678;6;200.00;200.00
2903;2724;1;120.00;120.00
2904;2725;6;115.00;115.00
2905;2726;3;115.00;115.00
2906;2727;3;120.00;120.00
2907;2728;3;115.00;115.00
2908;2730;1;115.00;115.00
2909;2731;3;115.00;115.00
2911;2733;1;230.00;300.00
2912;2735;4;115.00;115.00
2913;2736;1;120.00;120.00
2915;2738;1;120.00;120.00
2916;2739;6;85.00;85.00
2917;2740;1;120.00;200.00
2918;2741;1;115.00;150.00
2919;2742;1;120.00;150.00
2920;2743;4;115.00;115.00
2921;2746;1;120.00;120.00
2922;2658;2;85.00;85.00
2923;2667;6;85.00;85.00
2924;2716;6;85.00;85.00
2925;2723;6;85.00;85.00
2926;2699;2;3717.78;3717.78
2927;2699;1;850.00;850.00
2928;2699;6;22.22;22.22
2929;2750;6;120.00;120.00
2930;2751;1;120.00;150.00
2931;2752;1;120.00;200.00
2932;2627;1;550.00;550.00
2933;2627;2;1190.00;1190.00
2934;2671;2;1740.00;1740.00
2935;2722;2;2175.00;2175.00
2936;2753;1;120.00;150.00
2937;2754;3;120.00;120.00
2938;2756;6;120.00;120.00
2939;2758;1;180.00;180.00
2940;2748;1;100.00;100.00
2941;2759;1;100.00;100.00
2942;2760;1;100.00;100.00
2943;2761;6;190.00;190.00
2944;2762;4;120.00;120.00
2945;2763;1;120.00;120.00
2946;2764;3;115.00;115.00
2947;2765;1;120.00;150.00
2948;2766;4;115.00;115.00
2949;2767;6;85.00;85.00
2950;2768;1;85.00;100.00
2951;2721;2;850.00;850.00
2952;2770;3;115.00;115.00
2953;2771;6;850.00;850.00
2954;2773;3;120.00;120.00
2956;2775;1;120.00;150.00
2957;2776;3;120.00;120.00
2958;2749;6;103.00;103.00
2959;2777;6;120.00;120.00
2960;2769;6;380.00;380.00
2961;2778;3;120.00;120.00
2962;2779;1;120.00;150.00
2963;2782;6;120.00;120.00
2964;2745;2;1618.93;1618.93
2965;2745;6;166.07;166.07
2966;2670;6;110.00;110.00
2967;2729;6;85.00;85.00
2968;2744;6;85.00;85.00
2969;2787;1;120.00;120.00
2970;2665;6;1190.00;1190.00
2974;2788;2;1000.00;1000.00
2975;2788;1;305.00;305.00
2976;2789;1;460.00;460.00
2977;2790;3;115.00;115.00
2978;2791;1;115.00;115.00
2979;2792;6;200.00;200.00
2980;2793;3;115.00;115.00
2981;2794;1;85.00;100.00
2982;2795;1;120.00;120.00
2983;2796;1;120.00;120.00
2985;2798;4;120.00;120.00
2986;2805;1;92.00;92.00
2987;2687;6;95.00;95.00
2988;2806;3;115.00;115.00
2989;2807;3;120.00;120.00
2990;2797;6;100.00;100.00
2991;2808;3;120.00;120.00
2992;2747;6;183.56;183.56
2993;2747;2;1201.44;1201.44
2994;2747;1;400.00;400.00
2995;2810;4;115.00;115.00
2996;2811;2;120.00;120.00
2997;2812;1;120.00;150.00
2998;2813;1;115.00;115.00
2999;2815;1;100.00;100.00
3000;2816;6;170.00;170.00
3001;2817;1;425.00;425.00
3002;2785;6;85.00;85.00
3003;2818;1;120.00;120.00
3005;2819;3;120.00;120.00
3007;2821;1;100.00;100.00
3008;2821;6;20.00;20.00
3009;2822;6;85.00;85.00
3010;2823;1;377.00;377.00
3011;2823;2;1015.00;1015.00
3012;2825;1;100.00;100.00
3013;2825;3;20.00;20.00
3015;2826;1;120.00;120.00
3016;2828;6;85.00;85.00
3017;2827;6;100.00;100.00
3018;2829;1;120.00;150.00
3019;2830;3;120.00;120.00
3020;2831;1;85.00;100.00
3022;2833;1;85.00;100.00
3023;2832;1;120.00;120.00
3024;2834;1;120.00;150.00
3025;2820;6;85.00;85.00
3027;2836;4;115.00;115.00
3028;2838;1;190.00;190.00
3029;2839;3;100.00;100.00
3030;2755;1;935.00;935.00
3031;2783;1;1207.42;1207.42
3032;2783;1;200.00;200.00
3033;2783;2;377.58;377.58
3034;2809;2;1700.00;1700.00
3035;2824;6;425.00;425.00
3036;2840;3;115.00;115.00
3037;2841;4;120.00;120.00
3038;2843;1;100.00;100.00
3039;2845;6;200.00;200.00
3040;2846;6;165.00;165.00
3041;2849;1;200.00;200.00
3042;2851;6;120.00;120.00
3043;2852;4;120.00;120.00
3044;2853;1;120.00;120.00
3045;2854;6;85.00;85.00
3046;2857;1;100.00;100.00
3047;2781;1;239.00;239.00
3048;2781;2;1501.00;1501.00
3049;2858;2;1770.00;1770.00
3050;2859;6;174.00;174.00
3051;2860;6;87.00;87.00
3052;2861;1;100.00;100.00
3053;2862;1;85.00;85.00
3054;2863;1;100.00;100.00
3055;2864;1;190.00;190.00
3056;2842;6;87.00;87.00
3057;2844;6;87.00;87.00
3058;2309;1;200.00;200.00
3059;2867;1;276.00;276.00
3060;2868;6;87.00;87.00
3061;2784;6;110.00;110.00
3062;2870;1;115.00;150.00
3063;2871;3;120.00;120.00
3064;2872;1;120.00;120.00
3065;2873;3;120.00;120.00
3066;2837;2;788.80;788.80
3067;2837;6;203.20;203.20
3068;2837;1;400.00;400.00
3070;2848;6;87.00;87.00
3071;2878;1;120.00;120.00
3072;2855;6;200.00;200.00
3073;2875;6;174.00;174.00
3074;2880;6;120.00;120.00
3075;2881;1;120.00;150.00
3076;2884;1;86.00;86.00
3077;2885;1;95.00;95.00
3078;2877;1;154.00;154.00
3079;2877;2;1586.00;1586.00
3080;2888;4;115.00;115.00
3082;2876;6;174.00;174.00
3083;2889;6;174.00;174.00
3084;2891;4;100.00;100.00
3085;2891;1;15.00;15.00
3086;2713;1;105.00;105.00
3087;2893;4;115.00;115.00
3088;2895;3;100.00;100.00
3089;2896;1;270.00;270.00
3090;2897;1;120.00;120.00
3091;2898;3;120.00;120.00
3092;2899;4;115.00;115.00
3093;2900;1;276.00;276.00
3094;2901;7;115.00;115.00
3095;2902;1;120.00;120.00
3096;2903;1;112.00;112.00
3097;2904;6;87.00;87.00
3098;2905;1;87.00;100.00
3099;2906;1;100.00;100.00
3100;2907;4;115.00;115.00
3101;2908;6;115.00;115.00
3102;2886;6;870.00;870.00
3103;2911;1;120.00;150.00
3104;2892;6;87.00;87.00
3105;2894;6;87.00;87.00
3106;2914;1;120.00;120.00
3107;2915;3;120.00;120.00
3108;2916;3;120.00;120.00
3109;2917;1;115.00;115.00
3110;2918;3;115.00;115.00
3111;2919;1;115.00;150.00
3112;2923;1;120.00;120.00
3117;2925;7;120.00;120.00
3118;2926;3;240.00;240.00
3119;2927;6;120.00;120.00
3120;2928;1;115.00;150.00
3123;2930;6;120.00;120.00
3124;2929;6;120.00;120.00
3125;2931;2;120.00;120.00
3126;2882;6;1105.42;1105.42
3127;2882;1;800.00;800.00
3128;2882;2;3314.58;3314.58
3129;2933;1;112.00;112.00
3131;2935;6;110.00;110.00
3132;2879;6;103.00;103.00
3133;2934;4;120.00;120.00
3134;2938;1;100.00;100.00
3135;2937;1;100.00;100.00
3136;2939;6;120.00;120.00
3137;2940;1;120.00;120.00
3138;2941;3;120.00;120.00
3139;2942;4;115.00;115.00
3140;2850;2;261.00;261.00
3141;2943;6;870.00;870.00
3142;2944;1;120.00;120.00
3144;2946;4;100.00;100.00
3145;2947;1;100.00;100.00
3146;2948;6;120.00;120.00
3147;2950;3;120.00;120.00
3148;2951;7;115.00;115.00
3149;2949;1;100.00;100.00
3150;2952;7;120.00;120.00
3152;2954;6;87.00;87.00
3153;2953;1;87.00;100.00
3154;2955;6;87.00;87.00
3155;2956;1;120.00;120.00
3156;2912;6;87.00;87.00
3157;2913;6;87.00;87.00
3158;2957;1;120.00;150.00
3159;2958;1;100.00;100.00
3160;2498;3;100.00;100.00
3161;2959;3;100.00;100.00
3162;2960;3;115.00;115.00
3163;2932;6;371.11;371.11
3164;2932;1;250.00;250.00
3165;2932;2;1031.89;1031.89
3166;2961;3;120.00;120.00
3168;2964;3;115.00;115.00
3169;2869;6;110.00;110.00
3170;2963;4;120.00;120.00
3171;2967;1;115.00;150.00
3173;2969;3;115.00;115.00
3174;2970;6;200.00;200.00
3175;2971;1;120.00;120.00
3176;2972;4;120.00;120.00
3177;2973;3;120.00;120.00
3178;2976;3;115.00;115.00
3179;2977;3;120.00;120.00
3180;2975;4;120.00;120.00
3181;2978;1;120.00;120.00
3182;2981;1;100.00;100.00
3183;2981;3;15.00;15.00
3184;2962;1;3.91;3.91
3185;2962;2;1649.09;1649.09
3186;2984;3;120.00;120.00
3187;2985;1;150.00;150.00
3188;2985;6;50.00;50.00
3189;2987;1;90.00;90.00
3190;2988;1;200.00;200.00
3191;2989;1;95.00;95.00
3192;2990;3;115.00;115.00
3193;2991;3;120.00;120.00
3195;2992;1;87.00;100.00
3196;2993;4;120.00;120.00
3197;2994;4;115.00;115.00
3198;2995;6;100.00;100.00
3199;2920;6;87.00;87.00
3200;2921;6;87.00;87.00
3202;2996;1;87.00;100.00
3203;2998;1;85.00;85.00
3204;2998;6;28.00;28.00
3205;2998;1;2.00;2.00
3206;2997;6;100.00;100.00
3208;2999;1;120.00;200.00
3209;3000;6;120.00;120.00
3210;2982;1;24.55;24.55
3211;2982;2;1715.45;1715.45
3212;3004;4;115.00;115.00
3213;3005;3;120.00;120.00
3214;2514;1;420.00;420.00
3215;2544;1;315.00;315.00
3216;2582;1;105.00;105.00
3217;2629;1;210.00;210.00
3218;2646;1;315.00;315.00
3219;2701;1;210.00;210.00
3220;2734;1;210.00;210.00
3221;2814;1;210.00;210.00
3222;2865;1;210.00;210.00
3223;2866;1;315.00;315.00
3224;2936;1;315.00;315.00
3225;2986;1;105.00;105.00
3226;3006;1;87.00;87.00
3227;2887;2;1327.50;1327.50
3228;2965;2;1327.50;1327.50
3229;3009;2;1062.00;1062.00
3231;3011;1;120.00;150.00
3232;3012;1;120.00;150.00
3233;3014;6;200.00;200.00
3234;3010;6;522.00;522.00
3235;3016;6;87.00;87.00
3236;3017;4;120.00;120.00
3237;3018;3;115.00;115.00
3238;3022;1;115.00;150.00
3239;3023;4;115.00;115.00
3240;3024;3;120.00;120.00
3241;3026;4;120.00;120.00
3242;3027;3;120.00;120.00
3243;3003;2;1740.00;1740.00
3244;3028;3;120.00;120.00
3245;3029;1;87.00;87.00
3246;3030;6;115.00;115.00
3247;3031;3;115.00;115.00
3248;3032;7;120.00;120.00
3251;3013;6;103.00;103.00
3252;3002;6;87.00;87.00
3253;3001;6;87.00;87.00
3254;3034;6;115.00;115.00
3255;3038;6;120.00;120.00
3256;3039;4;115.00;115.00
3257;3033;1;110.00;110.00
3258;3040;4;230.00;230.00
3259;3043;3;120.00;120.00
3260;3044;1;100.00;100.00
3261;3046;6;380.00;380.00
3263;3047;6;120.00;120.00
3264;2786;6;1530.00;1530.00
3266;3048;1;110.00;110.00
3267;3049;6;87.00;87.00
3268;3050;3;120.00;120.00
3269;3051;3;120.00;120.00
3270;2966;6;87.00;87.00
3271;2980;6;87.00;87.00
3273;3053;1;110.00;150.00
3274;3056;1;100.00;100.00
3275;3052;6;300.00;300.00
3276;3019;6;174.00;174.00
3277;3059;1;115.00;120.00
3278;3060;1;120.00;120.00
3279;3062;6;870.00;870.00
3280;3061;6;87.00;87.00
3281;3064;1;276.00;276.00
3282;3065;6;420.00;420.00
3283;3066;6;115.00;115.00
3284;3067;3;120.00;120.00
3285;3068;6;120.00;120.00
3286;3069;3;120.00;120.00
3287;3070;3;115.00;115.00
3288;3071;3;120.00;120.00
3289;3072;1;120.00;150.00
3290;2983;6;110.00;110.00
3291;3073;4;115.00;115.00
3292;3074;4;120.00;120.00
3294;3076;4;120.00;120.00
3295;3078;1;240.00;240.00
3296;3079;1;87.00;100.00
3297;3075;4;120.00;120.00
3299;3082;7;120.00;120.00
3300;3081;1;100.00;100.00
3301;3084;4;115.00;115.00
3302;3086;3;120.00;120.00
3303;3087;4;115.00;115.00
3304;3089;3;115.00;115.00
3305;3090;3;115.00;115.00
3306;3091;4;120.00;120.00
3307;3083;6;200.00;200.00
3308;3085;6;174.00;174.00
3309;3020;6;87.00;87.00
3310;3036;6;87.00;87.00
3311;3037;6;87.00;87.00
3312;3092;4;115.00;115.00
3313;3093;3;115.00;115.00
3314;3088;6;87.00;87.00
3315;3098;6;115.00;115.00
3318;3025;1;230.00;230.00
3319;3025;2;1097.50;1097.50
3320;3058;2;1327.50;1327.50
3322;3103;3;115.00;115.00
3323;3104;1;115.00;150.00
3324;3105;1;120.00;200.00
3325;3108;1;100.00;100.00
3326;3106;1;100.00;100.00
3328;3109;4;120.00;120.00
3329;3094;6;87.00;87.00
3330;3111;1;120.00;120.00
3331;3100;6;348.00;348.00
3332;3112;1;200.00;200.00
3333;3113;1;200.00;200.00
3334;3115;3;115.00;115.00
3335;3110;6;87.00;87.00
3336;3118;1;300.00;300.00
3337;3119;3;115.00;115.00
3338;3120;6;120.00;120.00
3339;3121;7;120.00;120.00
3340;3123;1;120.00;150.00
3341;3122;1;120.00;120.00
3342;3125;1;120.00;150.00
3343;3126;1;100.00;100.00
3346;3015;1;1740.00;1740.00
3347;3021;1;642.00;642.00
3348;3021;2;1098.00;1098.00
3349;3054;2;4263.00;4263.00
3350;3097;2;2610.00;2610.00
3351;3129;4;120.00;120.00
3352;3130;1;120.00;120.00
3353;3131;3;230.00;230.00
3354;3132;1;115.00;120.00
3355;3134;1;115.00;120.00
3356;3135;3;120.00;120.00
3359;3139;4;120.00;120.00
3360;3141;3;120.00;120.00
3361;3138;6;120.00;120.00
3362;3117;6;609.00;609.00
3363;3142;3;120.00;120.00
3364;3116;6;174.00;174.00
3365;3145;3;120.00;120.00
3366;3146;7;130.00;130.00
3367;3148;1;180.00;180.00
3368;3149;1;255.00;255.00
3369;3007;6;1044.00;1044.00
3370;3150;4;115.00;115.00
3371;3151;7;130.00;130.00
3373;3152;6;87.00;87.00
3375;3080;1;112.00;112.00
3376;3133;1;112.00;112.00
3377;3153;4;120.00;120.00
3378;3154;3;120.00;120.00
3379;3155;4;115.00;115.00
3380;3128;6;87.00;87.00
3381;3140;6;87.00;87.00
3382;3156;6;87.00;87.00
3383;3114;6;269.56;269.56
3384;3114;1;900.00;900.00
3385;3114;2;570.44;570.44
3386;3136;2;1740.00;1740.00
3387;3159;4;115.00;115.00
3388;3161;1;115.00;120.00
3389;3160;6;200.00;200.00
3390;3162;1;120.00;200.00
3391;3163;3;120.00;120.00
3392;3164;3;115.00;115.00
3393;3165;1;120.00;120.00
3394;3166;3;120.00;120.00
3395;3167;6;120.00;120.00
3397;3170;3;120.00;120.00
3398;3172;1;115.00;120.00
3399;3173;1;100.00;100.00
3400;3171;6;200.00;200.00
3401;3175;1;120.00;120.00
3402;3176;3;120.00;120.00
3404;3178;4;120.00;120.00
3405;2856;6;200.00;200.00
3406;2910;6;100.00;100.00
3407;3041;6;300.00;300.00
3408;3180;6;174.00;174.00
3409;3183;1;270.00;270.00
3410;3184;1;100.00;100.00
3411;3158;1;694.00;694.00
3413;3188;3;115.00;115.00
3414;3186;4;120.00;120.00
3415;3187;1;100.00;100.00
3417;3189;4;120.00;120.00
3418;3190;1;120.00;120.00
3419;3124;6;110.00;110.00
3420;3193;4;230.00;230.00
3421;3182;6;103.00;103.00
3422;3174;6;174.00;174.00
3423;3181;6;348.00;348.00
3424;3194;1;115.00;200.00
3425;3195;1;120.00;200.00
3426;3196;1;120.00;120.00
3427;3143;6;543.60;543.60
3428;3143;2;1109.40;1109.40
3429;3157;2;1740.00;1740.00
3430;3198;1;120.00;120.00
3431;3192;6;87.00;87.00
3432;3199;6;87.00;87.00
3433;3202;3;120.00;120.00
3434;3203;7;520.00;520.00
3436;3205;3;115.00;115.00
3437;3206;1;120.00;120.00
3438;3207;1;368.00;368.00
3439;3209;6;87.00;87.00
3440;3210;1;87.00;100.00
3441;3212;3;120.00;120.00
3442;3211;1;120.00;120.00
3443;3213;3;120.00;120.00
3444;3215;1;100.00;100.00
3445;3216;3;120.00;120.00
3446;3217;6;860.00;860.00
3448;3218;3;120.00;120.00
3452;3221;4;120.00;120.00
3453;3222;1;100.00;100.00
3455;3223;4;120.00;120.00
3456;3224;1;115.00;115.00
3458;3226;1;120.00;120.00
3459;3227;4;115.00;115.00
3461;3225;3;120.00;120.00
3462;3229;3;120.00;120.00
3463;3230;3;120.00;120.00
3465;3232;1;115.00;116.00
3466;3234;1;120.00;120.00
3467;3235;1;115.00;120.00
3468;3236;1;120.00;120.00
3469;3237;1;110.00;110.00
3470;3238;1;100.00;100.00
3471;3239;3;120.00;120.00
3472;3240;2;115.00;115.00
3473;3241;4;115.00;115.00
3474;3242;3;120.00;120.00
3475;3243;6;120.00;120.00
3476;3200;6;174.00;174.00
3477;3247;3;115.00;115.00
3478;3248;3;120.00;120.00
3479;3249;3;115.00;115.00
3480;3197;1;2000.00;2000.00
3481;3197;6;706.02;706.02
3482;3197;2;2774.98;2774.98
3483;3252;1;100.00;100.00
3484;3251;6;200.00;200.00
3485;3253;1;115.00;150.00
3486;3101;2;1755.00;1755.00
3487;3101;1;15.00;15.00
3488;3185;6;200.00;200.00
3489;3254;3;120.00;120.00
3490;3256;1;120.00;150.00
3491;3255;1;50.00;50.00
3492;3255;6;50.00;50.00
3493;3257;3;100.00;100.00
3494;3259;1;100.00;100.00
3495;3260;1;100.00;100.00
3496;3261;4;120.00;120.00
3497;3214;3;220.00;220.00
3498;3262;1;115.00;120.00
3499;3263;4;115.00;115.00
3500;3264;3;120.00;120.00
3501;3265;4;120.00;120.00
3502;3245;6;174.00;174.00
3503;3191;6;110.00;110.00
3504;3267;1;120.00;150.00
3505;3147;6;1305.00;1305.00
3506;3268;3;120.00;120.00
3507;3270;1;200.00;200.00
3509;3272;4;120.00;120.00
3510;3244;6;87.00;87.00
3511;3273;1;120.00;200.00
3512;3246;6;87.00;87.00
3513;3275;6;120.00;120.00
3514;3276;3;115.00;115.00
3515;3277;6;120.00;120.00
3516;3278;1;200.00;200.00
3517;3281;1;87.00;100.00
3518;3179;6;1059.44;1059.44
3519;3179;2;593.56;593.56
3520;3283;3;120.00;120.00
3521;3284;1;200.00;200.00
3522;3285;3;120.00;120.00
3524;3287;6;120.00;120.00
3525;3250;6;4.00;4.00
3526;3250;1;18.82;18.82
3527;3250;2;1630.18;1630.18
3528;3288;1;200.00;200.00
3529;3289;1;285.00;285.00
3530;3290;6;380.00;380.00
3531;3291;3;115.00;115.00
3532;3292;1;120.00;120.00
3533;3293;3;115.00;115.00
3534;3269;6;609.00;609.00
3535;3294;3;230.00;230.00
3536;3295;3;115.00;115.00
3537;3296;1;100.00;100.00
3538;3279;6;87.00;87.00
3539;3299;3;115.00;115.00
3540;3280;6;200.00;200.00
3541;3300;3;115.00;115.00
3542;3301;3;120.00;120.00
3543;3282;2;1419.22;1419.22
3544;3282;1;59.78;59.80
3545;3266;1;800.00;800.00
3546;3266;6;940.00;940.00
3547;3303;3;100.00;100.00
3548;3304;1;200.00;200.00
3549;3305;1;368.00;368.00
3550;3308;3;115.00;115.00
3551;3309;3;115.00;115.00
3552;3311;3;120.00;120.00
3553;3312;3;115.00;115.00
3554;3313;6;120.00;120.00
3555;3315;3;120.00;120.00
3557;3317;3;115.00;115.00
3558;3316;1;120.00;120.00
3559;3319;3;115.00;115.00
3561;3321;6;120.00;120.00
3562;3307;6;120.57;120.57
3563;3307;2;1219.43;1219.43
3564;3307;1;400.00;400.00
3565;3324;1;120.00;120.00
3566;3325;3;200.00;200.00
3567;3326;3;115.00;115.00
3568;3327;6;120.00;120.00
3569;3328;3;120.00;120.00
3570;3330;1;100.00;100.00
3571;3331;1;100.00;100.00
3572;3302;6;87.00;87.00
3573;3310;6;174.00;174.00
3574;3333;1;87.00;87.00
3575;3306;1;783.00;783.00
3576;3337;3;115.00;115.00
3577;3338;6;87.00;87.00
3578;3339;4;115.00;115.00
3579;3340;4;115.00;115.00
3580;3342;6;100.00;100.00
3581;3342;1;100.00;100.00
3582;3343;1;100.00;100.00
3583;3344;3;120.00;120.00
3584;3345;3;120.00;120.00
3585;3347;1;115.00;150.00
3586;3348;6;120.00;120.00
3587;3349;4;115.00;115.00
3588;3346;6;100.00;100.00
3589;3350;4;115.00;115.00
3591;3351;3;115.00;115.00
3593;3354;6;110.00;110.00
3594;3208;2;380.00;380.00
3595;3355;1;100.00;100.00
3596;3322;2;1740.00;1740.00
3597;3358;1;87.00;87.00
3598;3359;1;100.00;100.00
3599;3361;3;120.00;120.00
3600;3362;1;120.00;120.00
3601;3363;6;120.00;120.00
3602;3364;1;60.00;60.00
3603;3364;3;60.00;60.00
3604;3335;6;174.00;174.00
3605;3367;4;115.00;115.00
3606;924;3;90.00;90.00
3607;3366;3;30.00;30.00
3608;3366;2;60.00;60.00
3609;3368;3;120.00;120.00
3610;3369;3;115.00;115.00
3611;3365;6;174.00;174.00
3612;3370;1;120.00;120.00
3613;3371;6;87.00;87.00
3614;3372;6;115.00;115.00
3615;3334;6;609.00;609.00
3616;3373;1;120.00;120.00
3617;3374;1;115.00;200.00
3618;3375;4;115.00;115.00
3619;3341;6;87.00;87.00
3621;3376;1;100.00;100.00
3622;3380;6;92.00;92.00
3623;3380;1;276.00;276.00
3624;3286;6;110.00;110.00
3625;3383;1;115.00;115.00
3626;3379;6;870.00;870.00
3627;3386;4;120.00;120.00
3628;3387;1;120.00;120.00
3629;3388;4;120.00;120.00
3631;3390;4;120.00;120.00
3633;3389;4;110.00;110.00
3634;3392;1;115.00;115.00
3636;3394;1;120.00;120.00
3637;3395;3;115.00;115.00
3638;3396;1;87.00;100.00
3639;3397;6;120.00;120.00
3640;3385;6;696.00;696.00
3643;3403;4;120.00;120.00
3644;3400;1;120.00;120.00
3645;3405;1;115.00;115.00
3646;3314;6;200.00;200.00
3647;3378;6;100.00;100.00
3648;3406;4;115.00;115.00
3649;3336;1;1327.65;1327.65
3650;3336;6;499.35;499.35
3651;3356;6;1426.20;1426.20
3652;3356;2;1879.80;1879.80
3653;3404;2;1826.99;1826.99
3654;3410;7;130.00;130.00
3656;3413;1;270.00;270.00
3657;2804;1;120.00;150.00
3658;3360;6;103.00;103.00
3659;3416;6;120.00;120.00
3660;3393;6;174.00;174.00
3661;3418;1;120.00;120.00
3662;3417;3;120.00;120.00
3663;3419;3;115.00;115.00
3664;3420;1;115.00;150.00
3665;3421;6;120.00;120.00
3666;3422;6;100.00;100.00
3667;3423;1;120.00;120.00
3668;3424;6;115.00;115.00
3669;3426;6;120.00;120.00
3672;3429;3;115.00;115.00
3674;3428;4;120.00;120.00
3675;3430;6;100.00;100.00
3676;3399;6;87.00;87.00
3677;3401;6;87.00;87.00
3679;3431;3;100.00;100.00
3680;3431;6;20.00;20.00
3681;3433;6;120.00;120.00
3682;3434;6;174.00;174.00
3683;3436;3;240.00;240.00
3684;3437;6;120.00;120.00
3685;3438;6;115.00;115.00
3686;3440;3;115.00;115.00
3687;3439;1;276.00;276.00
3688;3441;1;120.00;120.00
3689;3443;1;120.00;200.00
3691;3444;4;120.00;120.00
3692;3445;3;120.00;120.00
3694;3446;1;282.00;282.00
3695;3447;1;120.00;120.00
3697;3449;1;87.00;100.00
3698;3448;4;120.00;120.00
