tab_contasapagar_id_contasapagar;tab_contasapagar_id_contasapagarsetor;tab_contasapagar_id_entidade;tab_contasapagar_datacad;tab_contasapagar_descricao;tab_contasapagar_vencimento;tab_contasapagar_valor;tab_contasapagar_datapago;tab_contasapagar_valorpago;tab_contasapagar_obs
1;6;1;"2024-12-26 18:27:36";"Impressora 80mm Guilhotina Corte Automático Usb";"2025-01-01 00:00:00";218.35;"2025-01-01 00:00:00";218.35;
3;7;1;"2024-12-31 15:07:01";"300 Botijões com gás";"2025-01-08 00:00:00";23796.00;"2025-01-07 00:00:00";23796.00;
6;8;1;"2025-01-04 09:18:08";Pão;"2025-01-02 00:00:00";5.40;"2025-01-02 00:00:00";5.40;
7;4;1;"2025-01-04 09:18:22";"Gasolina strada";"2025-01-02 00:00:00";30.00;"2025-01-02 00:00:00";30.00;
8;4;1;"2025-01-04 09:18:33";"Diesel caminhão";"2025-01-02 00:00:00";150.00;"2025-01-02 00:00:00";150.00;
9;6;1;"2025-01-04 09:19:03";Esqueiro;"2025-01-02 00:00:00";6.50;"2025-01-02 00:00:00";6.50;
10;5;1;"2025-01-04 09:19:24";"Dia entregador Gabriel";"2025-01-02 00:00:00";80.00;"2025-01-02 00:00:00";80.00;
11;8;1;"2025-01-04 09:19:55";Pão;"2025-01-03 00:00:00";8.00;"2025-01-03 00:00:00";8.00;
12;8;1;"2025-01-04 09:20:05";Margarina;"2025-01-03 00:00:00";8.00;"2025-01-03 00:00:00";8.00;
13;4;1;"2025-01-04 09:20:20";"Gasolina Strada";"2025-01-03 00:00:00";30.00;"2025-01-03 00:00:00";30.00;
14;6;1;"2025-01-04 09:20:47";"Tomada macho para o ventilador";"2025-01-03 00:00:00";7.00;"2025-01-03 00:00:00";7.00;
15;5;1;"2025-01-04 09:21:17";"Dia entregador Gabriel";"2025-01-03 00:00:00";80.00;"2025-01-03 00:00:00";80.00;
17;7;2;"2025-01-04 19:54:16";"250 botijões com gás";"2025-01-13 00:00:00";19830.00;"2025-01-13 00:00:00";19830.00;
18;8;1;"2025-01-05 13:21:44";Pão;"2025-01-04 00:00:00";5.65;"2025-01-04 00:00:00";5.65;
19;6;1;"2025-01-05 13:22:02";"2 cadeados para o portão";"2025-01-04 00:00:00";54.00;"2025-01-04 00:00:00";54.00;
20;4;1;"2025-01-05 13:22:34";"Pneu traseiro para moto - Biro";"2025-01-04 00:00:00";80.00;"2025-01-04 00:00:00";80.00;
21;5;1;"2025-01-05 13:22:58";"Dia moto Gabriel";"2025-01-04 00:00:00";80.00;"2025-01-04 00:00:00";80.00;
22;8;1;"2025-01-05 13:23:30";Pao;"2025-01-05 00:00:00";3.20;"2025-01-05 00:00:00";3.20;
23;4;1;"2025-01-05 13:23:42";"Câmara traseira moto";"2025-01-05 00:00:00";70.00;"2025-01-05 00:00:00";70.00;
24;4;1;"2025-01-05 13:24:08";"Gasolina moto";"2025-01-05 00:00:00";55.00;"2025-01-05 00:00:00";55.00;
25;5;1;"2025-01-06 12:12:10";"Dia moto Gabriel";"2025-01-05 00:00:00";80.00;"2025-01-05 00:00:00";80.00;
26;7;2;"2025-01-06 19:53:18";"100 Botijões";"2025-01-14 00:00:00";7932.00;"2025-01-14 00:00:00";7932.00;
29;4;1;"2025-01-07 16:58:18";"Multa, IPVA e licenciamento até 2024 moto Josuel";"2025-01-06 00:00:00";640.63;"2025-01-06 00:00:00";640.63;
30;8;1;"2025-01-07 17:15:25";Pao;"2025-01-06 00:00:00";10.00;"2025-01-06 00:00:00";10.00;
31;1;1;"2025-01-07 17:16:07";"Reconhecimento de firma contrato compra e venda da empresa";"2025-01-06 00:00:00";51.25;"2025-01-06 00:00:00";51.25;
32;5;1;"2025-01-07 17:16:19";"Dia Moto Gabriel";"2025-01-06 00:00:00";80.00;"2025-01-06 00:00:00";80.00;
33;4;1;"2025-01-07 17:16:38";"Gasolina Strada";"2025-01-06 00:00:00";30.00;"2025-01-06 00:00:00";30.00;
34;8;1;"2025-01-07 17:17:39";Pão;"2025-01-07 00:00:00";12.00;"2025-01-07 00:00:00";12.00;
38;7;2;"2025-01-08 20:17:37";"130 botijões com gás";"2025-01-16 00:00:00";10311.60;"2025-01-16 00:00:00";10311.60;
39;4;2;"2025-01-09 13:48:28";"terminal da  bateria do caminhão";"2025-01-09 00:00:00";13.50;"2025-01-09 00:00:00";13.50;
40;1;1;"2025-01-09 14:59:36";"Aluguel 15 01";"2025-01-09 00:00:00";3200.00;"2025-01-09 00:00:00";3200.00;
41;7;2;"2025-01-09 15:34:48";"200 Botijões com gás  , 3 Botijões com gás P45";"2025-01-17 00:00:00";16751.76;"2025-01-16 00:00:00";16751.76;
42;5;1;"2025-01-09 17:55:26";"Dia Moto Gabriel";"2025-01-07 00:00:00";80.00;"2025-01-07 00:00:00";80.00;
43;8;1;"2025-01-09 17:56:24";Pão;"2025-01-08 00:00:00";9.60;"2025-01-08 00:00:00";9.60;
44;5;1;"2025-01-09 17:56:38";"Dia Moto Gabriel";"2025-01-08 00:00:00";80.00;"2025-01-08 00:00:00";80.00;
45;4;1;"2025-01-09 17:56:57";"Gasolina Moto";"2025-01-08 00:00:00";60.00;"2025-01-08 00:00:00";60.00;
46;4;1;"2025-01-09 17:57:17";"Terminal bateria caminhão";"2025-01-09 00:00:00";13.50;"2025-01-09 00:00:00";13.50;
47;8;1;"2025-01-09 17:57:39";Pão;"2025-01-09 00:00:00";15.20;"2025-01-09 00:00:00";15.20;
48;6;1;"2025-01-09 17:57:57";"4 extintores pó 4kg BC";"2025-01-09 00:00:00";120.00;"2025-01-09 00:00:00";120.00;
49;4;2;"2025-01-09 18:25:52";"Pisca seta com lampadas para a Moto fan 2008";"2025-01-09 00:00:00";31.42;"2025-01-09 00:00:00";31.42;
50;4;2;"2025-01-09 18:26:43";"Cavalete lateral para moto Yamaha";"2025-01-09 00:00:00";77.62;"2025-01-09 00:00:00";77.62;
51;6;2;"2025-01-09 18:27:42";"garrafa Termica de café";"2025-01-09 00:00:00";35.45;"2025-01-09 00:00:00";35.45;
52;4;2;"2025-01-09 18:28:46";"painel completo + farol da moto fan 2008+ chave ingnição";"2025-01-09 00:00:00";169.80;"2025-01-09 00:00:00";169.80;
53;4;2;"2025-01-09 18:29:29";"lanterna esquerda da tampa traseira strada 2012";"2025-01-09 00:00:00";118.00;"2025-01-09 00:00:00";118.00;
54;4;2;"2025-01-09 18:30:16";"par lanterna traseira strada 2012";"2025-01-09 00:00:00";170.90;"2025-01-09 00:00:00";170.90;
55;4;2;"2025-01-09 18:31:45";"2- unidades  pneus maggion dianteiro para moto";"2025-01-09 00:00:00";279.98;"2025-01-09 00:00:00";279.98;
56;4;2;"2025-01-09 18:33:55";"Alavanca freio de mão fiat strada ";"2025-01-09 00:00:00";194.91;"2025-01-09 00:00:00";194.91;
57;4;2;"2025-01-09 18:37:20";"banco completo honda Fan 2008";"2025-01-09 00:00:00";111.15;"2025-01-09 00:00:00";111.15;
58;4;2;"2025-01-09 18:49:20";"soldas no caminhao ";"2025-01-09 00:00:00";150.00;"2025-01-09 00:00:00";150.00;
60;8;1;"2025-01-10 10:06:24";"1 pct bala dori hortelã 600g";"2025-01-09 00:00:00";9.90;"2025-01-09 00:00:00";9.90;
61;8;1;"2025-01-10 10:06:52";"1 pct bala chiclete bolete 600g";"2025-01-09 00:00:00";9.79;"2025-01-09 00:00:00";9.79;
62;10;1;"2025-01-10 10:19:01";"1 vassoura aklin";"2025-01-09 00:00:00";6.99;"2025-01-09 00:00:00";6.99;
63;8;1;"2025-01-10 10:19:33";"5 kg de açúcar barra";"2025-01-09 00:00:00";20.25;"2025-01-09 00:00:00";20.25;
64;8;1;"2025-01-10 10:20:17";"24 l de leite italac";"2025-01-09 00:00:00";117.36;"2025-01-09 00:00:00";117.36;
65;10;1;"2025-01-10 10:20:46";"4 esponja tinindo lava louça";"2025-01-09 00:00:00";2.99;"2025-01-09 00:00:00";2.99;
66;10;1;"2025-01-10 10:21:08";"3 detergente minuano 500ml";"2025-01-09 00:00:00";5.07;"2025-01-09 00:00:00";5.07;
67;10;1;"2025-01-10 10:21:28";"1 desinfetante candura lavanda 5l";"2025-01-09 00:00:00";11.20;"2025-01-09 00:00:00";11.20;
68;10;1;"2025-01-10 10:21:44";"1 água sanitária olimpo 5l";"2025-01-09 00:00:00";9.30;"2025-01-09 00:00:00";9.30;
69;8;1;"2025-01-10 10:22:05";"1 margarina qualy 1kg";"2025-01-09 00:00:00";12.20;"2025-01-09 00:00:00";12.20;
70;8;1;"2025-01-10 10:22:35";"3 cafe fort 500g";"2025-01-09 00:00:00";114.50;"2025-01-09 00:00:00";114.50;
71;8;1;"2025-01-10 10:23:06";"3 filtro brigitta 103";"2025-01-09 00:00:00";10.65;"2025-01-09 00:00:00";10.65;
72;10;1;"2025-01-10 17:55:30";"5 kg saco de lixo 60l";"2025-01-10 00:00:00";50.00;"2025-01-10 00:00:00";50.00;
73;1;1;"2025-01-10 18:51:49";"Conta de luz";"2025-01-22 00:00:00";237.98;"2025-01-20 00:00:00";237.98;
75;1;1;"2025-01-11 09:40:10";"Impressão de placa de preço para porta 50x60cm";"2025-01-11 00:00:00";80.00;"2025-01-11 00:00:00";80.00;
76;6;1;"2025-01-11 18:42:29";"Caixa para 5 disjuntores - util arte";"2025-01-11 00:00:00";35.00;"2025-01-11 00:00:00";35.00;
77;8;1;"2025-01-11 18:44:08";Pão;"2025-01-11 00:00:00";8.00;"2025-01-11 00:00:00";8.00;
78;4;1;"2025-01-11 18:44:30";"Combustível Strada";"2025-01-11 00:00:00";50.00;"2025-01-11 00:00:00";50.00;
79;4;1;"2025-01-11 18:45:27";"Gasolina Moto 10,19 Litros";"2025-01-11 00:00:00";61.00;"2025-01-11 00:00:00";61.00;
80;5;1;"2025-01-11 18:45:46";"Dia moto Gabriel";"2025-01-10 00:00:00";80.00;"2025-01-10 00:00:00";80.00;
81;5;1;"2025-01-11 18:49:03";"Dia Moto Gabriel";"2025-01-09 00:00:00";80.00;"2025-01-09 00:00:00";80.00;
82;8;1;"2025-01-11 18:50:43";Pão;"2025-01-11 00:00:00";6.40;"2025-01-11 00:00:00";6.40;
83;5;1;"2025-01-11 19:20:38";"Dia moto Gabriel";"2025-01-11 00:00:00";80.00;"2025-01-11 00:00:00";80.00;
86;8;1;"2025-01-13 09:49:14";Pão;"2025-01-12 00:00:00";2.40;"2025-01-12 00:00:00";2.40;
87;4;1;"2025-01-13 09:49:33";"Restauração 3 polos bateria caminhão";"2025-01-12 00:00:00";150.00;"2025-01-12 00:00:00";150.00;
88;5;1;"2025-01-13 09:50:15";"Dia moto Gabriel";"2025-01-12 00:00:00";80.00;"2025-01-12 00:00:00";80.00;
89;5;1;"2025-01-13 19:02:02";"Prolabore Monique Josuel";"2025-01-20 00:00:00";2000.00;"2025-01-20 00:00:00";2000.00;
90;7;2;"2025-01-13 19:49:18";"250 botijões com gás";"2025-01-21 00:00:00";19830.00;"2025-01-20 00:00:00";19830.00;
92;4;1;"2025-01-14 15:37:43";"Conserto escapamento Strada";"2025-01-14 00:00:00";120.00;"2025-01-14 00:00:00";120.00;
93;9;2;"2025-01-14 19:27:05";"Brindes 01 de 03";"2025-02-14 00:00:00";476.67;"2025-02-10 00:00:00";476.67;
94;9;2;"2025-01-14 19:28:10";"Brindes 02 de 03";"2025-03-14 00:00:00";476.67;"2025-03-10 00:00:00";476.67;
95;9;2;"2025-01-14 19:28:48";"Brinde 03 de 03";"2025-04-14 00:00:00";476.66;"2025-03-17 00:00:00";476.66;
98;7;2;"2025-01-16 14:05:14";"300 botijões de gás";"2025-01-24 00:00:00";23796.00;"2025-01-23 00:00:00";23796.00;
99;4;1;"2025-01-16 18:49:04";"Gasolina moto";"2025-01-16 00:00:00";61.00;"2025-01-16 00:00:00";61.00;
100;8;1;"2025-01-16 18:49:53";Pão;"2025-01-15 00:00:00";6.40;"2025-01-15 00:00:00";6.40;
101;4;1;"2025-01-16 18:50:07";"Gasolina Strada";"2025-01-15 00:00:00";50.00;"2025-01-15 00:00:00";50.00;
102;6;1;"2025-01-16 18:50:30";"Caderno anotação";"2025-01-15 00:00:00";12.90;"2025-01-15 00:00:00";12.90;
103;5;1;"2025-01-16 18:50:44";"Dia Moto Gabriel";"2025-01-15 00:00:00";80.00;"2025-01-15 00:00:00";80.00;
104;8;1;"2025-01-16 18:51:12";Pão;"2025-01-14 00:00:00";8.80;"2025-01-14 00:00:00";8.80;
105;6;1;"2025-01-16 18:51:25";Cola;"2025-01-14 00:00:00";9.90;"2025-01-14 00:00:00";9.90;
106;5;1;"2025-01-16 18:51:43";"Dia moto gabriel";"2025-01-14 00:00:00";80.00;"2025-01-14 00:00:00";80.00;
107;5;1;"2025-01-16 18:52:34";"Dia moto gabriel";"2025-01-13 00:00:00";80.00;"2025-01-13 00:00:00";80.00;
108;6;1;"2025-01-16 18:52:56";"Cópia da chave janelinha venda gás";"2025-01-13 00:00:00";10.00;"2025-01-13 00:00:00";10.00;
109;8;1;"2025-01-16 18:53:07";Pão;"2025-01-13 00:00:00";6.40;"2025-01-13 00:00:00";6.40;
111;4;1;"2025-01-17 15:48:11";"IPVA 2025 strada FGK8G30";"2025-01-17 00:00:00";713.92;"2025-01-17 00:00:00";713.92;
112;4;1;"2025-01-17 15:48:26";"IPVA 2025 moto BYK9979";"2025-01-17 00:00:00";82.99;"2025-01-17 00:00:00";82.99;
114;6;1;"2025-01-18 14:52:14";"Tinta amarela para chão";"2025-01-18 00:00:00";39.90;"2025-01-18 00:00:00";39.90;
115;1;1;"2025-01-18 18:55:05";"Conta de água";"2025-02-20 00:00:00";153.96;"2025-02-17 00:00:00";153.96;
116;6;1;"2025-01-20 13:07:21";"Troca de fios dos telefones";"2025-01-20 00:00:00";50.00;"2025-01-20 00:00:00";50.00;
117;8;1;"2025-01-20 13:07:43";Pão;"2025-01-19 00:00:00";2.40;"2025-01-19 00:00:00";2.40;
118;6;1;"2025-01-20 13:08:10";"1 Rolo Fita Adesiva";"2025-01-18 00:00:00";8.90;"2025-01-18 00:00:00";8.90;
119;8;1;"2025-01-20 13:08:25";Pão;"2025-01-18 00:00:00";6.40;"2025-01-18 00:00:00";6.40;
120;4;1;"2025-01-20 13:10:48";"Lâmpadas strada";"2025-01-17 00:00:00";68.00;"2025-01-17 00:00:00";68.00;
121;6;1;"2025-01-20 13:11:13";"Caneta marca texto";"2025-01-17 00:00:00";4.90;"2025-01-17 00:00:00";4.90;
122;8;1;"2025-01-20 13:11:23";Pão;"2025-01-17 00:00:00";6.40;"2025-01-17 00:00:00";6.40;
123;1;1;"2025-01-20 14:45:39";"AVCB Bombeiros";"2025-01-20 00:00:00";142.16;"2025-01-20 00:00:00";142.16;
124;7;2;"2025-01-20 15:33:14";"282 botijões com gás";"2025-01-28 00:00:00";22368.24;"2025-01-29 00:00:00";22368.24;
125;5;1;"2025-01-20 18:57:04";"Adiantamento Salarial Douglas";"2025-01-20 00:00:00";1100.00;"2025-01-20 00:00:00";1100.00;
126;5;1;"2025-01-20 18:57:16";"Adiantamento Salarial João Vitor";"2025-01-20 00:00:00";920.00;"2025-01-20 00:00:00";920.00;
127;4;1;"2025-01-20 18:58:21";"Gasolina strada";"2025-01-20 00:00:00";50.00;"2025-01-20 00:00:00";50.00;
128;4;1;"2025-01-20 18:58:39";"Relê e 3 lâmpadas moto";"2025-01-20 00:00:00";30.00;"2025-01-20 00:00:00";30.00;
129;1;1;"2025-01-21 17:16:20";"Contrato compra e venda, alteração empresa, certificado digital 3 anos";"2025-01-21 00:00:00";1700.00;"2025-01-21 00:00:00";1700.00;
130;7;2;"2025-01-22 15:33:39";"200 botijões com gás";"2025-01-30 00:00:00";15864.00;"2025-01-30 00:00:00";15864.00;
133;1;1;"2025-01-24 12:20:37";"Contrato de Aluguel";"2025-01-24 00:00:00";150.00;"2025-01-24 00:00:00";150.00;
134;9;1;"2025-01-24 12:21:09";"Google ADS";"2025-01-24 00:00:00";150.00;"2025-01-24 00:00:00";150.00;
135;6;1;"2025-01-24 13:23:54";"1 tubo esgoto 50mm 6m + 1 cotovelo 50mm 45 + 2 cotovelo 50mm 90";"2025-01-23 00:00:00";80.50;"2025-01-23 00:00:00";80.50;
136;7;2;"2025-01-24 14:12:02";"200 botijões com gás";"2025-02-03 00:00:00";15864.00;"2025-02-03 00:00:00";15864.00;
137;4;1;"2025-01-24 18:42:58";"Gasolina strada 193.203 km";"2025-01-24 00:00:00";200.00;"2025-01-24 00:00:00";200.00;
142;8;1;"2025-01-26 10:29:47";"Margarina Qualy 1kg";"2025-01-17 00:00:00";12.20;"2025-01-17 00:00:00";12.20;
144;7;2;"2025-01-27 11:11:13";"200 Botijões com gás  ";"2025-01-27 00:00:00";15500.00;"2025-01-27 00:00:00";15500.00;
145;1;1;"2025-01-27 11:45:06";"IPTU 2025";"2025-01-27 00:00:00";298.67;"2025-01-27 00:00:00";298.67;
146;8;1;"2025-01-27 14:14:05";Pão;"2025-01-27 00:00:00";6.40;"2025-01-27 00:00:00";6.40;
147;4;1;"2025-01-27 14:14:30";"Gasolina Moto Fan";"2025-01-27 00:00:00";50.00;"2025-01-27 00:00:00";50.00;
148;8;1;"2025-01-27 14:16:13";Pão;"2025-01-26 00:00:00";1.60;"2025-01-26 00:00:00";1.60;
149;5;1;"2025-01-27 14:16:37";"Dia Moto João Vitor";"2025-01-26 00:00:00";80.00;"2025-01-26 00:00:00";80.00;
150;8;1;"2025-01-27 14:16:59";Pão;"2025-01-25 00:00:00";6.40;"2025-01-25 00:00:00";6.40;
151;8;1;"2025-01-27 14:17:44";Pão;"2025-01-24 00:00:00";6.40;"2025-01-24 00:00:00";6.40;
152;4;1;"2025-01-27 14:17:59";"Diesel Caminhão";"2025-01-24 00:00:00";200.00;"2025-01-24 00:00:00";200.00;
153;8;1;"2025-01-27 14:18:29";Pão;"2025-01-23 00:00:00";6.40;"2025-01-23 00:00:00";6.40;
154;8;1;"2025-01-27 14:18:36";Margarina;"2025-01-23 00:00:00";8.00;"2025-01-23 00:00:00";8.00;
155;4;1;"2025-01-27 14:18:54";"Óleo Diesel Caminhão";"2025-01-23 00:00:00";85.90;"2025-01-23 00:00:00";85.90;
156;4;1;"2025-01-27 14:19:12";"Spray Desengripante";"2025-01-23 00:00:00";16.50;"2025-01-23 00:00:00";16.50;
157;4;1;"2025-01-27 14:19:31";"Gasolina Strada";"2025-01-23 00:00:00";50.00;"2025-01-23 00:00:00";50.00;
158;4;1;"2025-01-27 14:20:07";"Gasolina Moto YBR";"2025-01-22 00:00:00";50.00;"2025-01-22 00:00:00";50.00;
159;8;1;"2025-01-27 14:20:20";Pão;"2025-01-22 00:00:00";6.40;"2025-01-22 00:00:00";6.40;
160;8;1;"2025-01-27 14:20:42";Pão;"2025-01-21 00:00:00";6.40;"2025-01-21 00:00:00";6.40;
161;4;1;"2025-01-27 14:20:55";"Peças moto Fan 128";"2025-01-21 00:00:00";105.00;"2025-01-21 00:00:00";105.00;
162;10;1;"2025-01-27 14:21:16";"Desentupidor de Pia";"2025-01-21 00:00:00";30.00;"2025-01-21 00:00:00";30.00;
163;4;1;"2025-01-27 14:21:33";"Rodas Fan 2008";"2025-01-21 00:00:00";100.00;"2025-01-21 00:00:00";100.00;
164;8;1;"2025-01-27 14:24:12";Pão;"2025-01-20 00:00:00";6.40;"2025-01-20 00:00:00";6.40;
167;7;2;"2025-01-29 13:25:14";"200 botijões com gás";"2025-02-06 00:00:00";15864.00;"2025-02-04 00:00:00";15864.00;
168;4;1;"2025-01-29 13:40:53";"Vistoria Strada";"2025-01-29 00:00:00";130.00;"2025-01-29 00:00:00";130.00;
169;4;1;"2025-01-29 13:41:15";"Transferência e mudança e cor (350) strada";"2025-01-29 00:00:00";960.00;"2025-01-29 00:00:00";960.00;
170;4;1;"2025-01-29 16:26:57";"Transferência, licenciamento, placa moto";"2025-01-29 00:00:00";740.00;"2025-01-29 00:00:00";740.00;
171;4;1;"2025-01-29 17:53:43";"Recibo da Exprint para envelopamento da strada (trasnferência)";"2025-01-29 00:00:00";50.00;"2025-01-29 00:00:00";50.00;
172;4;1;"2025-01-29 18:03:18";"Gasolina moto YBR";"2025-01-27 00:00:00";50.00;"2025-01-27 00:00:00";50.00;
173;10;1;"2025-01-29 18:03:37";"Lixa, limpa alumínio para privada";"2025-01-27 00:00:00";20.00;"2025-01-27 00:00:00";20.00;
174;4;1;"2025-01-29 18:03:57";"Diesel Caminhão";"2025-01-28 00:00:00";200.00;"2025-01-28 00:00:00";200.00;
175;8;1;"2025-01-29 18:12:18";Pão;"2025-01-28 00:00:00";6.40;"2025-01-28 00:00:00";6.40;
176;4;1;"2025-01-29 18:12:42";"Cabo de velocímetro Moto Fan";"2025-01-28 00:00:00";40.00;"2025-01-28 00:00:00";40.00;
177;4;1;"2025-01-29 18:12:59";"Rolamento da Coroa Moto";"2025-01-28 00:00:00";25.00;"2025-01-28 00:00:00";25.00;
178;4;1;"2025-01-29 18:13:28";"Vistoria Moto transferência";"2025-01-29 00:00:00";120.00;"2025-01-29 00:00:00";120.00;
179;4;1;"2025-01-29 18:13:38";"Parafusos moto fan";"2025-01-29 00:00:00";20.00;"2025-01-29 00:00:00";20.00;
180;10;1;"2025-01-29 18:13:59";"Pano de chão";"2025-01-29 00:00:00";6.00;"2025-01-29 00:00:00";6.00;
183;4;1;"2025-01-30 20:26:00";"Combustível caminhão";"2025-01-04 00:00:00";600.00;"2025-01-04 00:00:00";600.00;
184;2;1;"2025-01-31 17:32:21";"Meia caixa de copos 180ml 25x100";"2025-01-31 00:00:00";53.78;"2025-01-31 00:00:00";53.78;
185;9;1;"2025-01-31 17:58:21";"Impressão de placa 50x60cm Mercado São Francisco";"2025-01-30 00:00:00";80.00;"2025-01-30 00:00:00";80.00;
186;9;1;"2025-01-31 17:58:30";"Impressão de placa 50x60cm Sacolão Jony";"2025-01-30 00:00:00";80.00;"2025-01-30 00:00:00";80.00;
187;6;2;"2025-01-31 18:14:45";telefones;"2025-01-01 00:00:00";125.00;"2025-01-01 00:00:00";125.00;
189;8;1;"2025-02-01 12:39:10";Pão;"2025-01-29 00:00:00";7.20;"2025-01-29 00:00:00";7.20;
190;8;1;"2025-02-01 12:39:35";Pão;"2025-01-30 00:00:00";6.40;"2025-01-30 00:00:00";6.40;
191;10;1;"2025-02-01 12:41:15";"Sabonete líquido para as mãos";"2025-01-31 00:00:00";14.00;"2025-01-31 00:00:00";14.00;
192;8;1;"2025-02-01 12:41:24";Pão;"2025-01-31 00:00:00";10.40;"2025-01-31 00:00:00";10.40;
193;5;1;"2025-02-01 13:23:01";"Acerto Douglas";"2025-02-01 00:00:00";1648.50;"2025-02-01 00:00:00";1648.50;
194;4;1;"2025-02-01 13:34:01";"Combustível Strada 193427 km";"2025-02-01 00:00:00";332.24;"2025-02-01 00:00:00";332.24;
195;1;2;"2025-02-01 17:39:53";"Conta de telefone 4489-1366";"2025-02-01 00:00:00";238.37;"2025-02-01 00:00:00";238.37;
196;1;1;"2025-02-01 18:50:35";"Getnet Taxas 3,59%";"2025-01-31 00:00:00";176.37;"2025-01-31 00:00:00";176.37;
198;4;1;"2025-02-02 11:42:50";"Combustível moto YBR 8,320l";"2025-02-02 00:00:00";51.00;"2025-02-02 00:00:00";51.00;
199;1;2;"2025-02-02 12:18:16";"conta de telefone 4489-0436";"2025-02-02 00:00:00";66.00;"2025-02-02 00:00:00";66.00;
200;8;1;"2025-02-03 14:35:19";"1 pct bala chiclete bolete 600g";"2025-01-31 00:00:00";9.79;"2025-01-31 00:00:00";9.79;
201;8;1;"2025-02-03 14:35:43";"1 pct bala butter 500g choc";"2025-01-31 00:00:00";15.90;"2025-01-31 00:00:00";15.90;
202;7;2;"2025-02-03 18:01:16";"285 botijões com gás P13 , 3 botijões com gás p45";"2025-02-11 00:00:00";23493.96;"2025-02-10 00:00:00";23493.96;
203;4;1;"2025-02-03 19:59:43";"99 para deixar strada no mecânico";"2025-02-03 00:00:00";8.30;"2025-02-03 00:00:00";8.30;
205;4;1;"2025-02-04 13:35:09";"Conserto rolamento strada e coxim";"2025-02-04 00:00:00";1500.00;"2025-02-04 00:00:00";1500.00;
207;7;2;"2025-02-05 15:19:38";"200 botijões com gás";"2025-02-13 00:00:00";15864.00;"2025-02-13 00:00:00";15864.00;
208;1;1;"2025-02-05 15:22:46";"Odair 01 de 10";"2025-02-05 00:00:00";12000.00;"2025-02-05 00:00:00";12000.00;
209;1;1;"2025-02-05 15:22:57";"Odair 02 de 10";"2025-03-05 00:00:00";12000.00;"2025-03-05 00:00:00";12000.00;
210;4;1;"2025-02-05 15:25:22";"Carsytem - restante do contrato de 1 ano até 10/2025";"2025-02-05 00:00:00";328.00;"2025-02-05 00:00:00";328.00;
211;1;1;"2025-02-05 17:38:00";"Segurança Juarez";"2025-02-05 00:00:00";400.00;"2025-02-05 00:00:00";400.00;
213;6;1;"2025-02-06 18:02:00";"Meia caixa de bobina térmica para impressora";"2025-02-06 00:00:00";60.00;"2025-02-06 00:00:00";60.00;
214;4;1;"2025-02-06 18:04:16";"Combustível Caminhão";"2025-02-05 00:00:00";500.00;"2025-02-05 00:00:00";500.00;
216;7;170;"2025-02-07 14:45:35";"232 botijões com gás";"2025-02-17 00:00:00";18402.24;"2025-02-17 00:00:00";18402.24;
217;7;1;"2025-02-07 17:40:06";"100 vasilhames P13 Moreira Depósito de gás - Bandeirantes";"2025-02-07 00:00:00";11000.00;"2025-02-07 00:00:00";11000.00;
219;7;2;"2025-02-08 17:06:26";"200 botijões com gás";"2025-02-17 00:00:00";15864.00;"2025-02-17 00:00:00";15864.00;
222;3;1;"2025-02-10 12:32:01";"Honorário 12 2025";"2025-02-10 00:00:00";450.00;"2025-02-10 00:00:00";450.00;
223;5;1;"2025-02-10 12:56:43";"Contrato PCMSO";"2025-02-10 00:00:00";1450.00;"2025-02-10 00:00:00";1450.00;
224;3;1;"2025-02-10 13:13:36";"Honorário 02 2025";"2025-02-10 00:00:00";450.00;"2025-02-10 00:00:00";450.00;
225;1;1;"2025-02-11 14:51:31";"Alvará 2025";"2025-02-11 00:00:00";2021.70;"2025-02-11 00:00:00";2021.70;
226;1;2;"2025-02-11 19:51:04";1,86;"2025-02-11 00:00:00";15.37;"2025-02-11 00:00:00";15.37;
227;1;1;"2025-02-12 15:15:44";"Aluguel 15 02";"2025-02-12 00:00:00";3500.00;"2025-02-12 00:00:00";3500.00;
228;7;2;"2025-02-12 17:29:06";"80 botijões com gás";"2025-02-20 00:00:00";6345.60;"2025-02-21 00:00:00";6354.06;"Atrasou 1 dia, juros 8,46"
229;6;1;"2025-02-13 15:03:48";"2 cotovelo 45 esgoto 100mm";"2025-02-12 00:00:00";13.98;"2025-02-12 00:00:00";13.98;
230;6;1;"2025-02-13 15:04:12";"4 tomatas dupla 10A sobrepor";"2025-02-12 00:00:00";49.20;"2025-02-12 00:00:00";49.20;
231;8;1;"2025-02-13 15:08:12";"1 margarina Qually 1kg";"2025-02-13 00:00:00";12.58;"2025-02-13 00:00:00";12.58;
232;8;1;"2025-02-13 15:08:42";"1 cafe fort 500g";"2025-02-13 00:00:00";25.98;"2025-02-13 00:00:00";25.98;
233;6;1;"2025-02-13 15:49:16";"Ventilador De Coluna Ventisol Turbo 6 Pás 50cm Preto 127v";"2025-02-13 00:00:00";190.83;"2025-02-13 00:00:00";190.83;
234;6;1;"2025-02-13 16:13:12";"Material para plataforma e entrada do gás";"2025-02-08 00:00:00";804.96;"2025-02-08 00:00:00";804.96;
235;5;1;"2025-02-13 16:13:44";"2 par de luvas mão raspa cano curto";"2025-02-08 00:00:00";31.58;"2025-02-08 00:00:00";31.58;
236;4;1;"2025-02-13 17:33:21";"Conserto mola caminhão";"2025-02-13 00:00:00";1110.00;"2025-02-13 00:00:00";1110.00;
237;8;1;"2025-02-13 17:36:48";Pão;"2025-02-01 00:00:00";6.40;"2025-02-01 00:00:00";6.40;
238;4;1;"2025-02-13 17:37:02";"Diesel Caminhão";"2025-02-01 00:00:00";100.00;"2025-02-01 00:00:00";100.00;
239;5;1;"2025-02-13 17:37:40";"Domingo Moto Gabriel";"2025-02-02 00:00:00";80.00;"2025-02-02 00:00:00";80.00;
240;8;1;"2025-02-13 17:37:50";Pão;"2025-02-02 00:00:00";4.00;"2025-02-02 00:00:00";4.00;
241;8;1;"2025-02-13 17:38:05";Pão;"2025-02-03 00:00:00";6.40;"2025-02-03 00:00:00";6.40;
242;6;1;"2025-02-13 17:38:47";"Corda para moto";"2025-02-04 00:00:00";12.45;"2025-02-04 00:00:00";12.45;
243;8;1;"2025-02-13 17:38:54";Pão;"2025-02-04 00:00:00";4.80;"2025-02-04 00:00:00";4.80;
244;5;1;"2025-02-13 17:42:45";"Adiantamento Carta Gabriel";"2025-02-05 00:00:00";300.00;"2025-02-05 00:00:00";300.00;
245;8;1;"2025-02-13 17:43:44";Pão;"2025-02-05 00:00:00";4.80;"2025-02-05 00:00:00";4.80;
246;4;1;"2025-02-13 17:44:28";"Gasolina moto YBR";"2025-02-06 00:00:00";50.00;"2025-02-06 00:00:00";50.00;
247;8;1;"2025-02-13 17:45:16";Pao;"2025-02-07 00:00:00";3.25;"2025-02-07 00:00:00";3.25;
248;8;1;"2025-02-13 17:45:32";Pão;"2025-02-08 00:00:00";4.80;"2025-02-08 00:00:00";4.80;
249;8;1;"2025-02-13 17:45:58";Pão;"2025-02-09 00:00:00";4.80;"2025-02-09 00:00:00";4.80;
250;4;1;"2025-02-13 17:46:12";"Gasolina YBR";"2025-02-09 00:00:00";50.00;"2025-02-09 00:00:00";50.00;
251;8;1;"2025-02-13 17:46:38";Pão;"2025-02-10 00:00:00";4.80;"2025-02-10 00:00:00";4.80;
252;6;1;"2025-02-13 17:47:03";"Benjamin para tomada";"2025-02-10 00:00:00";5.00;"2025-02-10 00:00:00";5.00;
253;8;1;"2025-02-13 17:47:23";Pão;"2025-02-11 00:00:00";4.80;"2025-02-11 00:00:00";4.80;
254;8;1;"2025-02-13 17:47:48";Pão;"2025-02-12 00:00:00";4.00;"2025-02-12 00:00:00";4.00;
255;5;1;"2025-02-13 17:56:19";"Adiantamento CNH Gabriel";"2025-02-12 00:00:00";180.00;"2025-02-12 00:00:00";180.00;
256;6;1;"2025-02-13 17:56:58";"Plug tomada";"2025-02-12 00:00:00";12.90;"2025-02-12 00:00:00";12.90;
257;4;1;"2025-02-13 17:57:25";"Gasolina moto YBR";"2025-02-12 00:00:00";50.00;"2025-02-12 00:00:00";50.00;
258;4;2;"2025-02-13 19:36:37";"Par de espelho retrovisor caminhão";"2025-02-13 00:00:00";83.40;"2025-02-13 00:00:00";83.40;
259;4;2;"2025-02-14 13:44:15";"chave para bomba de oleo cg125";"2025-02-14 00:00:00";54.99;"2025-02-14 00:00:00";54.99;
260;6;1;"2025-02-14 15:16:02";"2 cordas elástica para amarrar carga na moto";"2025-02-14 00:00:00";20.00;"2025-02-14 00:00:00";20.00;
262;7;2;"2025-02-14 16:03:04";"200 botijões com gás";"2025-02-19 00:00:00";15864.00;"2025-02-19 00:00:00";15864.00;
263;4;1;"2025-02-14 18:15:20";"Gasolina Strada 193837 km";"2025-02-14 00:00:00";312.10;"2025-02-14 00:00:00";312.10;
264;8;1;"2025-02-14 18:16:41";Pão;"2025-02-13 00:00:00";3.20;"2025-02-13 00:00:00";3.20;
265;6;1;"2025-02-14 18:17:28";"Adiantamento Valdo - Obra plataforma, cx de esgoto e rampa de entrada";"2025-02-14 00:00:00";200.00;"2025-02-14 00:00:00";200.00;
266;7;1;"2025-02-14 18:35:24";"200 botijões com gás Hélio";"2025-02-14 00:00:00";15500.00;"2025-02-14 00:00:00";15500.00;
267;7;1;"2025-02-15 10:53:29";"111 P13 envasados + 4 vasilhames P13";"2025-02-15 00:00:00";9098.00;"2025-02-15 00:00:00";9098.00;
268;9;2;"2025-02-15 13:29:44";"chip da vivo";"2025-02-15 00:00:00";19.00;"2025-02-15 00:00:00";19.00;
269;6;1;"2025-02-16 13:18:35";"Geladeira Consul refrigerador separado";"2025-02-16 00:00:00";750.00;"2025-02-16 00:00:00";750.00;
270;5;1;"2025-02-17 14:47:57";"Domingo Moto Gabriel";"2025-02-16 00:00:00";80.00;"2025-02-16 00:00:00";80.00;
271;5;1;"2025-02-17 15:56:34";"GPS 01 2025";"2025-02-17 00:00:00";166.98;"2025-02-17 00:00:00";166.98;
272;6;1;"2025-02-18 09:26:17";"50 buchas com parafusos 6mm arruelados";"2025-02-18 00:00:00";12.00;"2025-02-18 00:00:00";12.00;
273;6;1;"2025-02-18 12:43:33";"Balança De Plataforma Digital Menezes 200kg 40x30 1 ano garantia";"2025-02-18 00:00:00";393.60;"2025-02-18 00:00:00";393.60;
274;7;2;"2025-02-18 15:08:55";"248 botijões com gás";"2025-02-26 00:00:00";19671.36;"2025-02-26 00:00:00";19671.36;
275;6;1;"2025-02-19 15:40:33";"Adiantamento Pedreiro Valdo";"2025-02-19 00:00:00";1000.00;"2025-02-19 00:00:00";1000.00;
276;4;1;"2025-02-19 17:48:54";"strada - cx direção - amort. diant. - reparo tromb. - rolamento - junta tampa valv. - filtro de oleo";"2025-02-19 00:00:00";3200.00;"2025-02-19 00:00:00";3200.00;
277;7;2;"2025-02-19 19:13:16";"50 botijões com gás";"2025-02-24 00:00:00";4557.84;"2025-02-24 00:00:00";4557.84;
278;4;2;"2025-02-19 19:15:06";"soldas na moto fan ";"2025-02-19 00:00:00";70.00;"2025-02-19 00:00:00";70.00;
279;5;1;"2025-02-19 19:58:19";"Vale gabriel R$ 1.000,00 Descontado 600 dos 1.618,77 pago pelo sacolao";"2025-02-19 00:00:00";400.00;"2025-02-19 00:00:00";400.00;
280;5;1;"2025-02-19 19:58:39";"Adiantamento gabriel cnh";"2025-02-19 00:00:00";260.00;"2025-02-19 00:00:00";260.00;
281;4;1;"2025-02-19 21:24:18";"6 placas advertência gás inflamável para courier";"2025-02-19 00:00:00";41.79;"2025-02-19 00:00:00";41.79;
282;1;1;"2025-02-20 11:54:54";"DAS 01 2025";"2025-02-20 00:00:00";133.71;"2025-02-20 00:00:00";133.71;
283;8;1;"2025-02-21 13:30:57";"Bala butter 500g menta";"2025-02-20 00:00:00";15.90;"2025-02-20 00:00:00";15.90;
284;8;1;"2025-02-21 13:32:12";"Bala chicle bolete 500g";"2025-02-20 00:00:00";9.79;"2025-02-20 00:00:00";9.79;
285;8;1;"2025-02-21 13:33:34";"5 kg de açúcar união";"2025-02-20 00:00:00";19.45;"2025-02-20 00:00:00";19.45;
286;10;1;"2025-02-21 13:34:29";"Agua sanitaria agifacil 5l";"2025-02-20 00:00:00";9.30;"2025-02-20 00:00:00";9.30;
287;10;1;"2025-02-21 13:35:10";"Detergente agifacil 5l neutro";"2025-02-20 00:00:00";13.90;"2025-02-20 00:00:00";13.90;
288;10;1;"2025-02-21 13:35:47";"Desinfetante agifacil 5l lavanda";"2025-02-20 00:00:00";9.90;"2025-02-20 00:00:00";9.90;
289;8;1;"2025-02-21 13:36:42";"12l leite integral paulista";"2025-02-20 00:00:00";59.88;"2025-02-20 00:00:00";59.88;
290;10;1;"2025-02-21 13:37:25";"pepel higienico 24x30 personal";"2025-02-20 00:00:00";39.00;"2025-02-20 00:00:00";39.00;
291;8;1;"2025-02-21 13:38:38";"2 cafe fort 500g";"2025-02-20 00:00:00";47.00;"2025-02-20 00:00:00";47.00;
292;10;1;"2025-02-21 13:39:11";"4 esponja alklin";"2025-02-20 00:00:00";4.09;"2025-02-20 00:00:00";4.09;
293;1;1;"2025-02-21 16:47:01";"Recarga celular gás 11 9 3738-9568";"2025-02-21 00:00:00";30.00;"2025-02-21 00:00:00";30.00;
294;7;2;"2025-02-22 17:09:51";"110 botijões com gás";"2025-03-05 00:00:00";8725.20;"2025-03-05 00:00:00";8725.20;
295;7;1;"2025-02-22 20:45:41";"Stefano 100 botijoes";"2025-02-22 00:00:00";7750.00;"2025-02-22 00:00:00";7750.00;
296;5;1;"2025-02-25 10:09:19";"2 par luva mão raspa cano curto";"2025-02-24 00:00:00";31.60;"2025-02-24 00:00:00";31.60;
297;4;1;"2025-02-25 10:49:16";"Carburador Moto BYK-9J79";"2025-02-25 00:00:00";84.00;"2025-02-25 00:00:00";84.00;
298;6;1;"2025-02-25 12:34:57";"1 metro de pedra";"2025-02-25 00:00:00";259.70;"2025-02-25 00:00:00";259.70;
299;4;1;"2025-02-25 15:46:38";"Licenciamento 2025 YBR";"2025-02-25 00:00:00";90.94;"2025-02-25 00:00:00";90.94;
300;1;1;"2025-02-26 11:33:03";"Conta de água";"2025-02-26 00:00:00";82.07;"2025-02-26 00:00:00";82.07;
301;7;2;"2025-02-26 19:29:04";"178 botijões com gás - 2 p45";"2025-03-06 00:00:00";14710.80;"2025-03-06 00:00:00";14710.80;
302;4;1;"2025-02-27 11:14:53";"20l oleo caminhão";"2025-02-27 00:00:00";269.25;"2025-02-27 00:00:00";269.25;
303;9;1;"2025-02-27 14:46:12";"Anúncio Google ADS";"2025-02-27 00:00:00";150.00;"2025-02-27 00:00:00";150.00;
304;7;2;"2025-02-28 17:19:03";"200 botijões com gás";"2025-03-10 00:00:00";15864.00;"2025-03-10 00:00:00";15864.00;
305;5;1;"2025-02-28 18:54:58";"Acerto Gabriel R$ 1.497,54 Descontado R$ 1.018,77 dos 1.618,77 pago pelo sacolao";"2025-02-28 00:00:00";478.77;"2025-02-28 00:00:00";478.77;
306;4;1;"2025-02-28 21:17:56";"Vistoria moto";"2025-02-24 00:00:00";120.00;"2025-02-24 00:00:00";120.00;
307;6;1;"2025-03-01 17:36:32";"Sacola Plástica 35x45x1000 un";"2025-03-01 00:00:00";67.00;"2025-03-01 00:00:00";67.00;
309;4;1;"2025-03-03 09:21:38";"Gasolina strada 194189 km";"2025-03-03 00:00:00";308.00;"2025-03-03 00:00:00";308.00;
310;7;1;"2025-03-03 11:34:45";"100 gás Stefano";"2025-03-03 00:00:00";7750.00;"2025-03-03 00:00:00";7750.00;
311;1;1;"2025-03-03 12:25:06";"Segurança Loja - Juarez";"2025-03-03 00:00:00";400.00;"2025-03-03 00:00:00";400.00;
312;1;1;"2025-03-03 13:22:13";"Conta de telefone 4489-0436";"2025-03-03 00:00:00";66.00;"2025-03-03 00:00:00";66.00;
313;6;1;"2025-03-05 18:09:48";"3 m de areia 1 m de pedra - Prado Comercial";"2025-03-05 00:00:00";889.10;"2025-03-05 00:00:00";889.10;
314;1;1;"2025-03-05 18:10:39";"Odair 03 de 10";"2025-04-05 00:00:00";12000.00;"2025-04-05 00:00:00";12000.00;
315;1;1;"2025-03-05 18:15:32";Aluguel;"2025-03-15 00:00:00";3500.00;"2025-03-15 00:00:00";3500.00;
316;5;1;"2025-03-05 18:58:00";"Salário Caíque";"2025-03-05 00:00:00";3272.92;"2025-03-05 00:00:00";3272.92;
317;5;1;"2025-03-05 19:23:27";"Vitor domingo 02/03";"2025-03-03 00:00:00";50.00;"2025-03-03 00:00:00";50.00;
318;7;1;"2025-03-05 19:25:40";"100 gas stefano";"2025-03-05 00:00:00";7750.00;"2025-03-08 00:00:00";7750.00;
319;9;1;"2025-03-06 15:32:58";"1000 imãs geladeira 48x70mm imã total - 360imprimir";"2025-03-06 00:00:00";409.98;"2025-03-06 00:00:00";409.98;
320;7;1;"2025-03-06 19:52:35";"170 gás copagas";"2025-03-14 00:00:00";13484.40;"2025-03-14 00:00:00";13484.40;
321;7;1;"2025-03-08 13:13:29";"15 gas completo";"2025-03-08 00:00:00";2700.00;"2025-03-08 00:00:00";2700.00;
322;7;1;"2025-03-08 19:12:15";"200 P13 Copagas";"2025-03-17 00:00:00";15864.00;"2025-03-17 00:00:00";15864.00;
323;5;1;"2025-03-09 14:23:01";"Dia vitor";"2025-03-09 00:00:00";50.00;"2025-03-09 00:00:00";50.00;
324;9;1;"2025-03-10 12:32:11";"25 talões recibos 100x150mm 100 fls";"2025-03-10 00:00:00";545.52;"2025-03-10 00:00:00";545.52;
325;6;1;"2025-03-10 17:58:03";"10 blocos de cimento";"2025-03-07 00:00:00";23.00;"2025-03-07 00:00:00";23.00;
326;6;1;"2025-03-10 17:58:59";"10 sacos de cimento";"2025-03-07 00:00:00";300.00;"2025-03-07 00:00:00";300.00;
327;1;1;"2025-03-10 19:13:28";"Rede taxas 2,11%";"2025-02-28 00:00:00";346.31;"2025-02-28 00:00:00";346.31;
328;5;1;"2025-03-11 14:20:19";"Exame admissional Caíque";"2025-03-11 00:00:00";244.00;"2025-03-11 00:00:00";244.00;
329;7;1;"2025-03-11 18:49:29";"200 gás Copagas";"2025-03-19 00:00:00";15864.00;"2025-03-19 00:00:00";15864.00;
330;7;1;"2025-03-13 10:45:56";"100 gás Stefano";"2025-03-12 00:00:00";7750.00;"2025-03-13 00:00:00";7750.00;
331;6;1;"2025-03-13 14:44:15";"Acerto Pedreiro Valdo 2k";"2025-03-13 00:00:00";800.00;"2025-03-13 00:00:00";800.00;
332;3;1;"2025-03-13 15:09:48";"Honorário 02 2025";"2025-03-13 00:00:00";450.00;"2025-03-13 00:00:00";450.00;
333;3;1;"2025-03-13 15:10:05";"Honorário 03 2025";"2025-04-15 00:00:00";450.00;"2025-04-14 00:00:00";450.00;
334;1;1;"2025-03-13 15:10:31";"DAS 02 2025";"2025-03-20 00:00:00";5073.68;"2025-03-20 00:00:00";5073.68;
335;5;1;"2025-03-13 15:11:35";"GPS 02 2025";"2025-03-20 00:00:00";166.98;"2025-03-20 00:00:00";166.98;
337;7;1;"2025-03-13 19:32:38";"200 gas copagás";"2025-03-24 00:00:00";15864.00;"2025-03-24 00:00:00";15864.00;
338;7;1;"2025-03-15 14:56:36";"100 gás Stefano";"2025-03-15 00:00:00";7900.00;"2025-03-15 00:00:00";7900.00;
339;1;1;"2025-03-15 15:23:59";Aluguel;"2025-04-15 00:00:00";3500.00;"2025-04-15 00:00:00";3500.00;
340;9;1;"2025-03-17 10:39:27";"1000 bacias brindes 01 de 03";"2025-04-13 00:00:00";493.33;"2025-04-13 00:00:00";493.33;
341;9;1;"2025-03-17 10:39:49";"1000 bacias brindes 02 de 03";"2025-05-13 00:00:00";493.33;;0.00;
342;9;1;"2025-03-17 10:40:10";"1000 bacias brindes 03 de 03";"2025-06-13 00:00:00";493.34;;0.00;
343;7;1;"2025-03-17 17:39:21";"200 gas Copagas";"2025-03-25 00:00:00";16142.00;"2025-03-25 00:00:00";16142.00;
344;1;1;"2025-03-17 17:58:03";"Pagbank taxas 1,58%";"2025-01-31 00:00:00";879.83;"2025-01-31 00:00:00";879.83;
345;1;1;"2025-03-17 17:58:24";"Pagbank Taxas 1,83%";"2025-02-28 00:00:00";701.50;"2025-02-28 00:00:00";701.50;
346;8;1;"2025-03-17 18:32:21";Pão;"2025-02-14 00:00:00";4.00;"2025-02-14 00:00:00";4.00;
347;10;1;"2025-03-17 18:32:44";"Cloro e desinfetante";"2025-02-15 00:00:00";13.00;"2025-02-15 00:00:00";13.00;
348;8;1;"2025-03-17 18:33:02";Pão;"2025-02-15 00:00:00";4.00;"2025-02-15 00:00:00";4.00;
349;1;1;"2025-03-17 18:33:20";"Chip Vivo";"2025-02-15 00:00:00";19.00;"2025-02-15 00:00:00";19.00;
350;8;1;"2025-03-17 18:33:33";Pão;"2025-02-16 00:00:00";4.00;"2025-02-16 00:00:00";4.00;
351;8;1;"2025-03-17 18:33:50";Pão;"2025-02-17 00:00:00";3.20;"2025-02-17 00:00:00";3.20;
352;5;1;"2025-03-17 18:34:05";"99 para Caíque";"2025-02-17 00:00:00";5.00;"2025-02-17 00:00:00";5.00;
353;4;1;"2025-03-17 18:34:31";"Gasolina YBR";"2025-02-18 00:00:00";50.00;"2025-02-18 00:00:00";50.00;
354;8;1;"2025-03-17 18:34:41";Pão;"2025-02-18 00:00:00";4.00;"2025-02-18 00:00:00";4.00;
355;4;1;"2025-03-17 18:35:09";"2l óleo para moto";"2025-02-19 00:00:00";50.00;"2025-02-19 00:00:00";50.00;
356;4;1;"2025-03-17 18:35:22";"Rolamento moto Fan";"2025-02-19 00:00:00";50.00;"2025-02-19 00:00:00";50.00;
357;4;1;"2025-03-17 18:35:40";"Junta para tampa de embreagem";"2025-02-19 00:00:00";20.00;"2025-02-19 00:00:00";20.00;
358;4;1;"2025-03-17 18:35:55";"Filtro Centrífugo";"2025-02-19 00:00:00";60.00;"2025-02-19 00:00:00";60.00;
359;8;1;"2025-03-17 18:36:09";Pão;"2025-02-19 00:00:00";3.20;"2025-02-19 00:00:00";3.20;
360;4;1;"2025-03-17 18:36:31";Gasolina;"2025-02-20 00:00:00";32.00;"2025-02-20 00:00:00";32.00;
361;5;1;"2025-03-17 18:36:49";"99 para Caíque";"2025-02-20 00:00:00";10.50;"2025-02-20 00:00:00";10.50;
362;6;1;"2025-03-17 18:37:27";"10 sacos de Cimento";"2025-02-21 00:00:00";268.90;"2025-02-21 00:00:00";268.90;
363;6;1;"2025-03-17 18:38:04";"Pilha palito e 1 pasta para documento";"2025-02-21 00:00:00";9.90;"2025-02-21 00:00:00";9.90;
364;8;1;"2025-03-17 18:38:18";Pão;"2025-02-21 00:00:00";6.00;"2025-02-21 00:00:00";6.00;
365;8;1;"2025-03-17 18:38:36";Pão;"2025-02-22 00:00:00";4.00;"2025-02-22 00:00:00";4.00;
366;4;1;"2025-03-17 18:39:30";"99 para Caíque";"2025-02-23 00:00:00";40.00;"2025-02-23 00:00:00";40.00;
367;8;1;"2025-03-17 18:40:23";Pao;"2025-02-23 00:00:00";1.60;"2025-02-23 00:00:00";1.60;
368;8;1;"2025-03-17 18:40:38";Pao;"2025-02-24 00:00:00";2.45;"2025-02-24 00:00:00";2.45;
369;8;1;"2025-03-17 18:41:56";Pao;"2025-02-25 00:00:00";3.20;"2025-02-25 00:00:00";3.20;
370;8;1;"2025-03-17 18:42:17";Pão;"2025-02-26 00:00:00";4.80;"2025-02-26 00:00:00";4.80;
371;8;1;"2025-03-17 18:42:33";Pão;"2025-02-27 00:00:00";2.40;"2025-02-27 00:00:00";2.40;
372;4;1;"2025-03-17 18:42:58";"Terminal de bateria caminhão";"2025-02-28 00:00:00";15.00;"2025-02-28 00:00:00";15.00;
373;4;1;"2025-03-17 18:43:08";Gasolina;"2025-02-28 00:00:00";50.00;"2025-02-28 00:00:00";50.00;
374;8;1;"2025-03-17 18:43:16";Pão;"2025-02-28 00:00:00";3.45;"2025-02-28 00:00:00";3.45;
375;4;1;"2025-03-18 10:57:46";"Tranferência Moto YBR";"2025-03-18 00:00:00";680.00;"2025-03-18 00:00:00";680.00;
376;1;1;"2025-03-18 12:51:08";"ARTT para AVCB";"2025-01-25 00:00:00";500.00;"2025-01-25 00:00:00";500.00;
377;1;1;"2025-03-18 12:53:31";"Santander tarifa Dez";"2025-01-20 00:00:00";160.00;"2025-01-20 00:00:00";160.00;
378;5;1;"2025-03-18 12:58:32";"Prolabore Monique";"2025-02-20 00:00:00";2000.00;"2025-02-20 00:00:00";2000.00;
379;1;1;"2025-03-18 14:20:05";"Santander Tarifa jan 2025";"2025-02-10 00:00:00";160.00;"2025-02-10 00:00:00";160.00;
380;4;1;"2025-03-18 14:21:40";"Peças moto 125, relação, bateria, embreagem";"2025-02-10 00:00:00";317.38;"2025-02-10 00:00:00";317.38;
381;5;1;"2025-03-18 14:34:50";"2 Capacetes para moto";"2025-02-10 00:00:00";185.21;"2025-02-10 00:00:00";185.21;
382;5;1;"2025-03-18 14:35:32";"Prolabore Monique";"2025-02-05 00:00:00";2000.00;"2025-02-05 00:00:00";2000.00;
383;5;1;"2025-03-18 14:40:37";"Acerto João Vitor";"2025-02-02 00:00:00";995.00;"2025-02-02 00:00:00";995.00;
384;4;1;"2025-03-19 12:13:47";"99 retorno do caíque para depósito";"2025-03-19 00:00:00";5.00;"2025-03-19 00:00:00";5.00;
385;5;1;"2025-03-19 15:12:26";"Bota para funcionário (caíque)";"2025-03-19 00:00:00";53.40;"2025-03-19 00:00:00";53.40;
386;4;1;"2025-03-19 17:45:04";"Combustível Strada";"2025-03-19 00:00:00";262.10;"2025-03-19 00:00:00";262.10;
387;5;1;"2025-03-20 10:01:38";"Dia moto Gabriel";"2025-03-18 00:00:00";80.00;"2025-03-18 00:00:00";80.00;
388;8;1;"2025-03-20 10:02:41";Pão;"2025-03-19 00:00:00";1.80;"2025-03-19 00:00:00";1.80;
390;1;1;"2025-03-20 16:38:09";"Recarga (11) 9 6287-8486";"2025-03-20 00:00:00";30.00;"2025-03-20 00:00:00";30.00;
391;7;1;"2025-03-21 12:04:39";"217 p13 3 p45 copagas";"2025-03-28 00:00:00";18416.26;"2025-03-28 00:00:00";18416.26;
392;5;1;"2025-03-22 18:36:52";"Prolabore Monique";"2025-03-20 00:00:00";2000.00;"2025-03-20 00:00:00";2000.00;
393;8;1;"2025-03-23 09:28:27";Pão;"2025-03-22 00:00:00";2.70;"2025-03-22 00:00:00";2.70;
394;8;1;"2025-03-23 09:28:44";Pão;"2025-03-21 00:00:00";2.70;"2025-03-21 00:00:00";2.70;
395;8;1;"2025-03-23 09:29:01";Pão;"2025-03-20 00:00:00";2.00;"2025-03-20 00:00:00";2.00;
396;4;1;"2025-03-23 09:30:15";Gasolina;"2025-03-19 00:00:00";60.00;"2025-03-19 00:00:00";60.00;
397;8;1;"2025-03-23 09:30:37";Pao;"2025-03-18 00:00:00";3.40;"2025-03-18 00:00:00";3.40;
398;8;1;"2025-03-23 09:32:21";Pão;"2025-03-17 00:00:00";7.90;"2025-03-17 00:00:00";7.90;
399;5;1;"2025-03-23 09:32:50";"Dia Domingo Vitor";"2025-03-16 00:00:00";50.00;"2025-03-16 00:00:00";50.00;
400;8;1;"2025-03-23 09:33:06";Pão;"2025-03-15 00:00:00";2.40;"2025-03-15 00:00:00";2.40;
401;8;1;"2025-03-23 09:33:32";Pão;"2025-03-14 00:00:00";1.60;"2025-03-14 00:00:00";1.60;
402;1;1;"2025-03-23 09:34:11";"Uniformes 6 camisas 45,00 - 1 calça 70,00";"2025-03-12 00:00:00";340.00;"2025-03-12 00:00:00";340.00;
403;4;1;"2025-03-23 09:34:25";"99 Monique";"2025-03-12 00:00:00";8.00;"2025-03-12 00:00:00";8.00;
404;4;1;"2025-03-23 09:34:39";"Gasolina Moto Fan";"2025-03-12 00:00:00";60.00;"2025-03-12 00:00:00";60.00;
405;8;1;"2025-03-23 09:34:53";Pão;"2025-03-11 00:00:00";1.60;"2025-03-11 00:00:00";1.60;
406;5;1;"2025-03-23 09:35:07";"Dia Moto Gabriel";"2025-03-11 00:00:00";80.00;"2025-03-11 00:00:00";80.00;
407;4;1;"2025-03-23 09:37:00";"99 Caíque";"2025-03-10 00:00:00";22.00;"2025-03-10 00:00:00";22.00;
408;8;1;"2025-03-23 09:37:54";Pão;"2025-03-10 00:00:00";4.63;"2025-03-10 00:00:00";4.63;
409;8;1;"2025-03-23 09:38:10";Pão;"2025-03-09 00:00:00";2.40;"2025-03-09 00:00:00";2.40;
410;5;1;"2025-03-23 09:38:22";"Dia Moto Gabriel";"2025-03-09 00:00:00";80.00;"2025-03-09 00:00:00";80.00;
411;8;1;"2025-03-23 09:38:40";Pão;"2025-03-08 00:00:00";4.00;"2025-03-08 00:00:00";4.00;
412;8;1;"2025-03-23 09:38:54";Pão;"2025-03-07 00:00:00";5.00;"2025-03-07 00:00:00";5.00;
413;4;1;"2025-03-23 09:39:04";"Gasolina Moto Fan";"2025-03-07 00:00:00";60.00;"2025-03-07 00:00:00";60.00;
414;8;1;"2025-03-23 09:40:29";Pão;"2025-03-06 00:00:00";4.00;"2025-03-06 00:00:00";4.00;
415;4;1;"2025-03-23 09:41:00";"Cabo acelerador FAN 125";"2025-03-05 00:00:00";30.00;"2025-03-05 00:00:00";30.00;
416;1;1;"2025-03-23 09:41:17";"Chip Vivo";"2025-03-05 00:00:00";24.00;"2025-03-05 00:00:00";24.00;
417;8;1;"2025-03-23 09:41:35";Pão;"2025-03-05 00:00:00";3.20;"2025-03-05 00:00:00";3.20;
418;8;1;"2025-03-23 09:48:46";Pão;"2025-03-04 00:00:00";4.00;"2025-03-04 00:00:00";4.00;
419;4;1;"2025-03-23 09:48:58";"99 Caíque";"2025-03-04 00:00:00";19.00;"2025-03-04 00:00:00";19.00;
420;4;1;"2025-03-23 09:49:23";"Gasolina YBR";"2025-03-03 00:00:00";50.00;"2025-03-03 00:00:00";50.00;
421;8;1;"2025-03-23 09:50:23";Pão;"2025-03-01 00:00:00";4.00;"2025-03-01 00:00:00";4.00;
422;5;1;"2025-03-23 14:16:33";"Dia Vitor";"2025-03-23 00:00:00";50.00;"2025-03-23 00:00:00";50.00;
423;8;1;"2025-03-23 14:16:40";Pão;"2025-03-23 00:00:00";2.00;"2025-03-23 00:00:00";2.00;
424;1;1;"2025-03-24 12:04:56";"Conta de Luz Hortifruti 164 KW";"2025-03-24 00:00:00";116.59;"2025-03-24 00:00:00";116.59;
425;1;1;"2025-03-24 12:20:29";"Conta de luz elektro";"2025-03-24 00:00:00";125.43;"2025-03-24 00:00:00";125.43;
426;7;1;"2025-03-25 17:42:10";"200 P13 Stefano";"2025-03-30 00:00:00";15800.00;"2025-03-31 00:00:00";15800.00;
427;8;1;"2025-03-25 19:17:45";Pão;"2025-03-24 00:00:00";6.50;"2025-03-24 00:00:00";6.50;
428;6;1;"2025-03-26 16:00:26";"30 metros de corda";"2025-03-26 00:00:00";60.00;"2025-03-26 00:00:00";60.00;
429;7;1;"2025-03-27 17:33:55";"178 P13 2 P45 Copagás";"2025-04-04 00:00:00";14967.84;"2025-04-04 00:00:00";14967.84;
430;4;1;"2025-03-27 17:40:24";"Soldagem gaiola moto";"2025-03-27 00:00:00";50.00;"2025-03-27 00:00:00";50.00;
431;4;1;"2025-03-27 17:41:39";"Peças Moto YBR - Engren partida louca 28 dentes + engr frisada 23 dentes + junta e disco embreagem";"2025-03-26 00:00:00";136.80;"2025-03-26 00:00:00";136.80;
432;8;1;"2025-03-28 09:17:38";"2 cx leite integral italac 12l";"2025-03-27 00:00:00";112.56;"2025-03-27 00:00:00";112.56;
433;10;1;"2025-03-28 09:20:08";"1 agua sanitaria agifacil 5l";"2025-03-27 00:00:00";8.49;"2025-03-27 00:00:00";8.49;
434;10;1;"2025-03-28 09:22:39";"1 papel higienico 30m 40 rolo";"2025-03-27 00:00:00";57.50;"2025-03-27 00:00:00";57.50;
435;8;1;"2025-03-28 09:24:28";"1 pct bala 500g choco menta 500g";"2025-03-27 00:00:00";13.59;"2025-03-27 00:00:00";13.59;
436;8;1;"2025-03-28 09:24:53";"1 pct bala 600g chiclete bolete";"2025-03-27 00:00:00";9.79;"2025-03-27 00:00:00";9.79;
437;8;1;"2025-03-28 09:26:46";"3 Margarina Doriana 1kg comsal";"2025-03-27 00:00:00";29.70;"2025-03-27 00:00:00";29.70;
438;4;1;"2025-03-28 11:06:50";"Moto BYK9J79 - Kit Relação Transm. Honda CG 125";"2025-03-27 00:00:00";106.90;"2025-03-27 00:00:00";106.90;
439;4;1;"2025-03-28 11:08:59";"Moto BYK9J79 - Roda Traseira Titan 125 Completa";"2025-03-27 00:00:00";279.90;"2025-03-27 00:00:00";279.90;
440;1;1;"2025-03-28 16:23:43";"Ultima Mensalidade Maq. Getnet";"2025-03-28 00:00:00";96.69;"2025-03-28 00:00:00";96.69;
441;7;1;"2025-03-28 16:31:18";"106 gás Stefano";"2025-04-02 00:00:00";8374.00;"2025-03-30 00:00:00";8374.00;
442;4;1;"2025-03-29 09:38:37";"Gasolina Moto Nova";"2025-03-29 00:00:00";51.45;"2025-03-29 00:00:00";51.45;
443;4;1;"2025-03-29 10:51:57";"Bateria Moura 12V 100Ah 15 meses de garantia";"2025-03-29 00:00:00";849.00;"2025-03-29 00:00:00";849.00;
444;4;1;"2025-03-29 16:29:37";"Diesel Caminhão 114,270l x R$ 6,35";"2025-03-29 00:00:00";725.61;"2025-03-29 00:00:00";725.61;
445;9;1;"2025-03-29 17:01:29";"Google ADS";"2025-03-29 00:00:00";150.00;"2025-03-29 00:00:00";150.00;
446;4;1;"2025-03-31 19:33:28";"Gasolina strada";"2025-03-31 00:00:00";100.00;"2025-03-31 00:00:00";100.00;
447;1;1;"2025-04-01 11:40:06";"Segurança Juarez";"2025-04-01 00:00:00";400.00;"2025-04-01 00:00:00";400.00;
448;1;1;"2025-04-01 15:14:06";"Conta de telefone 1144890436";"2025-04-01 00:00:00";66.45;"2025-04-01 00:00:00";66.45;
449;7;1;"2025-04-01 19:21:59";"195 gas copagas";"2025-04-09 00:00:00";15738.45;"2025-04-09 00:00:00";15738.45;
450;4;1;"2025-04-03 09:20:25";"Gasolina Strada";"2025-04-03 00:00:00";268.02;"2025-04-03 00:00:00";268.02;
451;4;1;"2025-04-03 19:20:06";"Estator honda cg 125 - mercado livre";"2025-04-03 00:00:00";119.90;"2025-04-03 00:00:00";119.90;
452;7;1;"2025-04-04 12:18:55";"200 gas stefano";"2025-04-09 00:00:00";15800.00;"2025-04-08 00:00:00";15800.00;
453;1;1;"2025-04-05 12:30:52";"Odair 04 de 10";"2025-05-05 00:00:00";12000.00;"2025-05-05 00:00:00";12000.00;
454;5;1;"2025-04-05 19:35:13";"Salário Caíque";"2025-04-05 00:00:00";3565.53;"2025-04-05 00:00:00";3565.53;
455;5;1;"2025-04-06 14:33:24";"Salário Vitor";"2025-04-06 00:00:00";200.00;"2025-04-06 00:00:00";200.00;
456;7;1;"2025-04-07 18:59:06";"100 gás Stefano";"2025-04-12 00:00:00";7900.00;"2025-04-11 00:00:00";7900.00;
457;4;1;"2025-04-07 19:08:12";"Moto BYK9J79 - Buchas Quadro Elastico Fan 125";"2025-04-02 00:00:00";30.00;"2025-04-02 00:00:00";30.00;
458;4;1;"2025-04-07 19:08:35";"Moto BYK9J79 - Parafuso com porca/prisioneiro";"2025-04-02 00:00:00";25.00;"2025-04-02 00:00:00";25.00;
459;4;1;"2025-04-07 19:08:54";"Moto BYK9J79 - Parafuso do Eixo Fan 125";"2025-04-02 00:00:00";60.00;"2025-04-02 00:00:00";60.00;
460;4;1;"2025-04-07 19:09:04";"Moto BYK9J79 - montagem pneu traseiro";"2025-04-02 00:00:00";20.00;"2025-04-02 00:00:00";20.00;
461;4;1;"2025-04-07 19:09:18";"Moto BYK9J79 - Trava da coroa fan 125";"2025-04-02 00:00:00";20.00;"2025-04-02 00:00:00";20.00;
462;4;1;"2025-04-08 18:59:01";"Moto DYT0B29 - Licenciamento e transferência para empresa (com multa R$ 854,62)";"2025-04-08 00:00:00";720.62;"2025-04-08 00:00:00";720.62;
463;7;1;"2025-04-09 19:05:01";"200 p13 1 p45 Copagagás";"2025-04-17 00:00:00";16562.77;"2025-04-17 00:00:00";16562.77;
464;7;1;"2025-04-10 19:26:03";"200 gas stefano";"2025-04-15 00:00:00";15800.00;"2025-04-15 00:00:00";15800.00;
465;5;1;"2025-04-10 19:31:27";"1 camiseta liquigás";"2025-04-10 00:00:00";45.00;"2025-04-10 00:00:00";45.00;
466;1;1;"2025-04-11 12:39:01";"DAS 03 2025";"2025-04-22 00:00:00";4698.12;"2025-04-22 00:00:00";4698.12;
467;7;1;"2025-04-11 12:41:48";"Compra de 2 vasilhames P13";"2025-04-11 00:00:00";200.00;"2025-04-11 00:00:00";200.00;
468;5;1;"2025-04-11 12:45:48";"Dia moto Gabriel";"2025-03-23 00:00:00";80.00;"2025-03-23 00:00:00";80.00;
469;8;1;"2025-04-11 12:46:36";Pão;"2025-03-25 00:00:00";3.20;"2025-03-25 00:00:00";3.20;
470;8;1;"2025-04-11 12:46:48";Pão;"2025-03-25 00:00:00";2.40;"2025-03-25 00:00:00";2.40;
471;5;1;"2025-04-11 12:48:46";"Dia moto Gabriel";"2025-03-25 00:00:00";80.00;"2025-03-25 00:00:00";80.00;
472;8;1;"2025-04-11 12:49:10";Pão;"2025-03-26 00:00:00";5.60;"2025-03-26 00:00:00";5.60;
473;4;1;"2025-04-11 13:02:21";"Vistoria Moto DYT-0B29";"2025-03-27 00:00:00";120.00;"2025-03-27 00:00:00";120.00;
474;8;1;"2025-04-11 13:03:03";Pão;"2025-03-28 00:00:00";1.60;"2025-03-28 00:00:00";1.60;
475;8;1;"2025-04-11 13:04:17";Pão;"2025-03-29 00:00:00";1.60;"2025-03-29 00:00:00";1.60;
476;8;1;"2025-04-11 13:04:44";Pão;"2025-03-30 00:00:00";1.60;"2025-03-30 00:00:00";1.60;
477;5;1;"2025-04-11 13:04:57";"Ajudante Vitor";"2025-03-30 00:00:00";50.00;"2025-03-30 00:00:00";50.00;
478;8;1;"2025-04-11 13:05:38";Pão;"2025-04-01 00:00:00";4.80;"2025-04-01 00:00:00";4.80;
479;5;1;"2025-04-11 13:05:51";"Dia moto Gabriel";"2025-04-01 00:00:00";80.00;"2025-04-01 00:00:00";80.00;
480;8;1;"2025-04-11 13:09:43";Pão;"2025-04-02 00:00:00";4.80;"2025-04-02 00:00:00";4.80;
481;6;1;"2025-04-11 13:10:22";"Estanho para solda";"2025-04-03 00:00:00";9.50;"2025-04-03 00:00:00";9.50;
482;6;1;"2025-04-11 13:10:31";"1 fita isolante";"2025-04-03 00:00:00";6.00;"2025-04-03 00:00:00";6.00;
483;4;1;"2025-04-11 13:25:30";"Combustivel Moto BYK-9J79";"2025-04-03 00:00:00";50.00;"2025-04-03 00:00:00";50.00;
484;5;1;"2025-04-11 13:26:18";"99 Caíque dia 27,28,29,30,31";"2025-04-04 00:00:00";88.90;"2025-04-04 00:00:00";88.90;
485;8;1;"2025-04-11 13:33:20";Pão;"2025-04-05 00:00:00";3.20;"2025-04-05 00:00:00";3.20;
486;5;1;"2025-04-11 13:33:32";"Dia moto Gabriel";"2025-04-05 00:00:00";80.00;"2025-04-05 00:00:00";80.00;
487;8;1;"2025-04-11 13:35:10";Pão;"2025-04-06 00:00:00";2.40;"2025-04-06 00:00:00";2.40;
488;4;1;"2025-04-11 13:35:34";"Gasolina Moto BYK-9J79";"2025-04-06 00:00:00";50.00;"2025-04-06 00:00:00";50.00;
489;5;1;"2025-04-11 13:39:12";"Dia moto Gabriel";"2025-04-06 00:00:00";80.00;"2025-04-06 00:00:00";80.00;
490;5;1;"2025-04-11 13:39:32";"Ajudante Vitor";"2025-04-06 00:00:00";50.00;"2025-04-06 00:00:00";50.00;
491;8;1;"2025-04-11 13:39:54";Pão;"2025-04-07 00:00:00";3.20;"2025-04-07 00:00:00";3.20;
492;4;1;"2025-04-11 13:40:30";"Conserto pneu Strada FGK-8G30";"2025-04-07 00:00:00";30.00;"2025-04-07 00:00:00";30.00;
493;8;1;"2025-04-11 13:40:46";Pão;"2025-04-07 00:00:00";2.70;"2025-04-07 00:00:00";2.70;
494;4;1;"2025-04-11 13:41:04";"Dia moto Gabriel";"2025-04-07 00:00:00";80.00;"2025-04-07 00:00:00";80.00;
495;4;1;"2025-04-11 13:41:56";"Moto DYT-0B29 - reconh. recibo compra e venda";"2025-04-08 00:00:00";22.45;"2025-04-08 00:00:00";22.45;
496;5;1;"2025-04-11 13:42:06";"Dia moto Gabriel";"2025-04-08 00:00:00";80.00;"2025-04-08 00:00:00";80.00;
497;8;1;"2025-04-11 13:42:17";Pão;"2025-04-08 00:00:00";5.40;"2025-04-08 00:00:00";5.40;
498;8;1;"2025-04-11 13:42:27";Pão;"2025-04-08 00:00:00";3.20;"2025-04-08 00:00:00";3.20;
499;4;1;"2025-04-11 13:43:30";"Gasolina Moto BYK-9J79";"2025-04-08 00:00:00";50.00;"2025-04-08 00:00:00";50.00;
500;5;1;"2025-04-11 13:43:36";"Dia moto Gabriel";"2025-04-08 00:00:00";80.00;"2025-04-08 00:00:00";80.00;
501;8;1;"2025-04-11 13:43:53";Pão;"2025-04-09 00:00:00";3.20;"2025-04-09 00:00:00";3.20;
502;5;1;"2025-04-11 13:44:01";"Dia moto Gabriel";"2025-04-09 00:00:00";80.00;"2025-04-09 00:00:00";80.00;
503;5;1;"2025-04-11 15:44:31";"Salário Vitor";"2025-02-05 00:00:00";200.00;"2025-02-05 00:00:00";200.00;
504;4;1;"2025-04-11 15:46:39";"Chave extratora saca pino para moto";"2025-02-06 00:00:00";26.95;"2025-02-06 00:00:00";26.95;
505;4;1;"2025-04-11 15:47:21";"Moto - Kit relação transmissão completo";"2025-02-06 00:00:00";87.48;"2025-02-06 00:00:00";87.48;
506;7;1;"2025-04-11 19:20:25";"82 gas copagas";"2025-04-22 00:00:00";6666.60;"2025-04-22 00:00:00";6666.60;
507;5;1;"2025-04-13 16:18:58";"Dia Vitor";"2025-04-13 00:00:00";50.00;"2025-04-13 00:00:00";50.00;
508;3;1;"2025-04-14 15:51:07";"Honorário 04 2025";"2025-05-15 00:00:00";450.00;;0.00;
509;7;1;"2025-04-15 12:19:24";"150 gás Stefano";"2025-04-21 00:00:00";11850.00;"2025-04-21 00:00:00";11850.00;
510;1;1;"2025-04-15 14:12:59";Aluguel;"2025-05-15 00:00:00";3500.00;;0.00;
511;7;1;"2025-04-16 10:06:57";"2 vasilhames P13";"2025-04-16 00:00:00";200.00;"2025-04-16 00:00:00";200.00;
512;7;1;"2025-04-16 19:52:09";"100 p13 3 p45 Copagas";"2025-04-24 00:00:00";9038.31;"2025-04-24 00:00:00";9038.31;
513;4;1;"2025-04-18 08:52:23";"Gasolina Strada 45,878L x R$ 6,14";"2025-04-17 00:00:00";281.69;"2025-04-17 00:00:00";281.69;
514;5;1;"2025-04-18 08:55:14";"Dia moto Gabriel";"2025-04-17 00:00:00";80.00;"2025-04-17 00:00:00";80.00;
515;8;1;"2025-04-18 08:55:33";Pão;"2025-04-17 00:00:00";4.80;"2025-04-17 00:00:00";4.80;
516;8;1;"2025-04-18 14:24:56";Pão;"2025-04-18 00:00:00";3.20;"2025-04-18 00:00:00";3.20;
517;5;1;"2025-04-18 14:25:29";"Dia Gabriel";"2025-04-18 00:00:00";160.00;"2025-04-18 00:00:00";160.00;
518;7;1;"2025-04-18 14:34:02";"100 gás Stefano";"2025-04-22 00:00:00";7900.00;"2025-04-23 00:00:00";7900.00;
519;4;1;"2025-04-22 14:11:51";"Entrega de recibo da gráfica de moto";"2025-04-22 00:00:00";6.00;"2025-04-22 00:00:00";6.00;
520;7;1;"2025-04-22 15:13:34";"200 gás Stefano";"2025-04-28 00:00:00";15800.00;"2025-04-28 00:00:00";15800.00;
521;1;1;"2025-04-22 15:27:20";"Conta de luz";"2025-04-22 00:00:00";125.21;"2025-04-22 00:00:00";125.21;
522;5;1;"2025-04-23 13:28:34";"GPS 03 2025";"2025-04-23 00:00:00";168.63;"2025-04-23 00:00:00";168.63;
523;5;1;"2025-04-23 14:37:33";"Pró-labore Monique";"2025-04-23 00:00:00";2000.00;"2025-04-23 00:00:00";2000.00;
524;7;1;"2025-04-24 13:31:52";"100 gás Stefano";"2025-04-29 00:00:00";7900.00;"2025-04-29 00:00:00";7900.00;
525;1;1;"2025-04-25 13:46:46";"Rede aluguel maquininha ";"2025-03-31 00:00:00";99.75;"2025-03-31 00:00:00";99.75;
526;1;1;"2025-04-25 13:50:16";"Rede taxas 2,07%";"2025-03-31 00:00:00";497.69;"2025-03-31 00:00:00";497.69;
527;1;1;"2025-04-25 13:53:03";"Pagbank taxas 1,78";"2025-03-31 00:00:00";1062.93;"2025-03-31 00:00:00";1062.93;
528;5;1;"2025-04-25 14:08:21";"Capa para chuva motoboy";"2025-03-11 00:00:00";77.99;"2025-03-11 00:00:00";77.99;
529;1;1;"2025-04-25 14:11:24";"Santander mensalidade 02 2025";"2025-03-10 00:00:00";160.00;"2025-03-10 00:00:00";160.00;
530;5;1;"2025-04-25 14:12:30";"Pagamento salário Vitor";"2025-03-05 00:00:00";200.00;"2025-03-05 00:00:00";200.00;
531;5;1;"2025-04-25 14:13:08";"Prolabore Monique";"2025-03-05 00:00:00";2000.00;"2025-03-05 00:00:00";2000.00;
532;7;1;"2025-04-25 19:44:47";"208 gas copagás";"2025-05-05 00:00:00";16910.40;"2025-05-05 00:00:00";16910.40;
533;4;1;"2025-04-28 09:27:25";"Gasolina Strada 47,770L x R$ 6,29";"2025-04-28 00:00:00";300.47;"2025-04-28 00:00:00";300.47;
534;9;1;"2025-04-28 10:55:23";"8000 flyers (360imprimir)";"2025-04-28 00:00:00";341.34;"2025-04-28 00:00:00";341.34;
535;4;1;"2025-04-29 14:45:55";"1l óleo direção caminhão";"2025-04-29 00:00:00";27.00;"2025-04-29 00:00:00";27.00;
536;4;1;"2025-04-29 14:46:31";"1l óleo 20w moto DYT-0B29";"2025-04-29 00:00:00";27.00;"2025-04-29 00:00:00";27.00;
537;7;1;"2025-04-29 15:54:26";"200 gas stefano";"2025-05-05 00:00:00";15800.00;;0.00;
538;9;1;"2025-04-30 09:40:33";"Google Ads";"2025-04-30 00:00:00";150.00;"2025-04-30 00:00:00";150.00;
539;8;1;"2025-04-30 11:31:59";"1 pct bala chiclete bolete 600g";"2025-04-24 00:00:00";9.79;"2025-04-24 00:00:00";9.79;
540;8;1;"2025-04-30 11:32:24";"1 pct bala dori hort 600g";"2025-04-24 00:00:00";9.90;"2025-04-24 00:00:00";9.90;
541;8;1;"2025-04-30 11:32:58";"12l leite parmalat integral";"2025-04-24 00:00:00";61.80;"2025-04-24 00:00:00";61.80;
542;8;1;"2025-04-30 11:33:29";"5 kg açúcar união";"2025-04-24 00:00:00";21.45;"2025-04-24 00:00:00";21.45;
543;10;1;"2025-04-30 11:34:10";"esponja esfrelux df 4un";"2025-04-24 00:00:00";3.25;"2025-04-24 00:00:00";3.25;
544;10;1;"2025-04-30 11:35:44";"detergente agifacil 5l neutro";"2025-04-24 00:00:00";15.20;"2025-04-24 00:00:00";15.20;
545;1;1;"2025-05-02 10:47:24";"Conta de água";"2025-05-02 00:00:00";230.95;"2025-05-02 00:00:00";230.95;
546;1;1;"2025-05-02 10:48:58";"Conta de telefone 114489-0436";"2025-05-02 00:00:00";66.00;"2025-05-02 00:00:00";66.00;
547;7;1;"2025-05-02 14:19:04";"270 gás Copagás";"2025-05-08 00:00:00";21951.00;;0.00;
548;7;1;"2025-05-03 17:00:36";"5 P45 Stefano";"2025-05-03 00:00:00";1500.00;"2025-05-03 00:00:00";1500.00;
549;4;1;"2025-05-05 09:33:21";"Gasolina Strada";"2025-05-05 00:00:00";275.06;"2025-05-05 00:00:00";275.06;
550;1;1;"2025-05-05 09:40:06";"Odair 05 de 10";"2025-06-05 00:00:00";12000.00;;0.00;
551;1;1;"2025-05-05 09:42:48";"Juros emprestimo 10K";"2025-05-01 00:00:00";150.00;"2025-05-01 00:00:00";150.00;
552;1;1;"2025-05-05 14:40:19";"Segurança Juarez";"2025-05-05 00:00:00";400.00;"2025-05-05 00:00:00";400.00;
