tab_caixasangria_id_caixasangria;tab_caixasangria_id_caixa;tab_caixasangria_id_entidade;tab_caixasangria_id_especie;tab_caixasangria_data;tab_caixasangria_valor;tab_caixasangria_obs;tab_caixasangria_conferido
1;2;2;1;"2025-01-02 08:31:22";5.40;PAO;1
2;2;2;1;"2025-01-02 09:56:42";30.00;GASOLINA;1
3;2;2;1;"2025-01-02 12:40:18";150.00;"DIESEL CAMINHAO";1
4;2;2;1;"2025-01-02 13:32:49";6.50;ESQUEIRO;1
5;2;2;1;"2025-01-02 20:05:03";80.00;"DIARIA GABRIEL";1
6;2;2;1;"2025-01-02 20:11:49";1120.00;FC;1
7;2;2;1;"2025-01-02 20:12:54";300.00;FC;1
8;2;2;3;"2025-01-02 20:16:21";585.00;Débito;1
9;3;2;1;"2025-01-03 08:42:46";8.00;PAO;1
10;3;2;1;"2025-01-03 08:59:41";8.00;MARGARINA;1
11;3;2;1;"2025-01-03 14:57:41";1250.00;DINHEIRO;1
12;3;2;1;"2025-01-03 16:32:06";30.00;"GASOLINA STRADA";1
13;3;2;1;"2025-01-03 17:28:09";7.00;"PLUGUE MACHO 2P";1
14;3;2;1;"2025-01-03 19:11:59";830.00;DINHEIRO;1
15;3;2;1;"2025-01-03 19:24:11";80.00;AJUDANTE;1
16;3;2;1;"2025-01-03 20:01:50";500.00;DINHEIRO;1
17;3;2;4;"2025-01-03 20:07:18";355.00;Crédito;1
18;3;2;3;"2025-01-03 20:07:18";595.00;Débito;1
19;4;2;1;"2025-01-04 08:29:31";5.65;PAO;1
20;4;2;1;"2025-01-04 14:04:27";54.00;CADEADOS;1
21;4;2;1;"2025-01-04 16:29:25";1300.00;DINHEIRO;1
22;4;2;1;"2025-01-04 17:29:21";80.00;"PNEU DA MOTO";1
23;4;2;1;"2025-01-04 19:45:49";80.00;"Dia moto Gabriel";1
24;4;2;1;"2025-01-04 19:56:12";400.00;FC;1
25;4;2;4;"2025-01-04 20:10:51";120.00;Crédito;1
26;4;2;3;"2025-01-04 20:10:51";830.00;Débito;1
27;4;2;5;"2025-01-04 20:10:51";120.00;Pix;1
28;5;1;1;"2025-01-05 10:28:23";3.20;PAO;1
29;5;1;1;"2025-01-05 10:59:46";70.00;"CAMARA MOTO";1
30;5;1;1;"2025-01-05 12:25:22";55.00;"GASOLINA MOTO";1
31;5;1;1;"2025-01-05 13:54:19";80.00;"DIA MOTO GABRIEL";1
32;5;1;1;"2025-01-05 13:54:34";200.00;FC;1
33;5;1;4;"2025-01-05 13:54:41";235.00;Crédito;1
34;5;1;3;"2025-01-05 13:54:41";357.00;Débito;1
35;6;2;1;"2025-01-06 08:13:59";9.00;PAO;1
36;6;2;1;"2025-01-06 12:06:15";3400.00;FC;1
37;6;2;1;"2025-01-06 17:06:23";1650.00;FC;1
38;6;2;1;"2025-01-06 17:52:53";1.00;PAO;1
39;6;2;1;"2025-01-06 19:29:20";30.00;GASOLINA;1
40;6;2;1;"2025-01-06 19:29:59";51.25;CARTORIO;1
41;6;2;1;"2025-01-06 19:46:01";80.00;AJUDANTE;1
42;6;2;1;"2025-01-06 20:01:53";100.00;FC;1
43;6;2;4;"2025-01-06 20:06:57";465.00;Crédito;1
44;6;2;3;"2025-01-06 20:06:57";380.00;Débito;1
45;6;2;5;"2025-01-06 20:06:57";0.00;Pix;1
46;7;2;1;"2025-01-07 07:59:31";115.00;"PIX DO DIA 06.01.25 ";1
47;7;2;1;"2025-01-07 08:29:25";6.40;PAO;1
48;7;2;1;"2025-01-07 09:27:34";2.40;PAO;1
49;7;2;3;"2025-01-07 09:47:44";115.00;Débito;1
50;7;2;1;"2025-01-07 13:31:11";1700.00;FC;1
51;7;2;1;"2025-01-07 18:06:55";3.20;PAO;1
52;7;2;1;"2025-01-07 19:13:13";80.00;AJUDANTE;1
53;7;2;1;"2025-01-07 19:54:05";200.00;FC;1
54;7;2;1;"2025-01-07 19:56:53";21.45;"VALE JOSUEL";1
55;7;2;1;"2025-01-07 20:00:58";100.00;FC;1
56;7;2;4;"2025-01-07 20:09:42";240.00;Crédito;1
57;7;2;3;"2025-01-07 20:09:42";710.00;Débito;1
58;7;2;5;"2025-01-07 20:09:42";230.00;Pix;1
59;8;2;1;"2025-01-08 08:26:15";8.00;PAES;1
60;8;2;1;"2025-01-08 09:34:57";60.00;"GASOLINA MOTO";1
61;8;2;1;"2025-01-08 10:37:27";1.60;PAO;1
62;8;2;1;"2025-01-08 11:40:53";500.00;FC;1
63;8;2;1;"2025-01-08 15:44:05";1850.00;FC;1
64;8;2;1;"2025-01-08 15:45:39";1300.00;FC;1
65;8;2;1;"2025-01-08 17:17:08";700.00;FC;1
66;8;2;1;"2025-01-08 19:01:46";80.00;AJUDANTE;1
67;8;2;4;"2025-01-08 20:18:21";517.00;Crédito;1
68;8;2;3;"2025-01-08 20:18:21";825.00;Débito;1
69;9;2;1;"2025-01-09 12:49:18";2850.00;FC;1
70;9;2;1;"2025-01-09 13:07:00";1200.00;FC;1
71;9;2;1;"2025-01-09 13:47:06";13.50;"TERMINAL BATERIA UNIVERSAL DO CAMINHAO";1
72;9;2;1;"2025-01-09 15:48:46";500.00;FC;1
73;9;2;1;"2025-01-09 15:51:53";11.20;PAO;1
74;9;2;1;"2025-01-09 17:50:05";240.00;EXTINTOR;1
75;9;2;1;"2025-01-09 17:51:31";4.00;PAO;1
76;9;2;1;"2025-01-09 18:48:46";150.00;"SOLDAS NO CAMINHAO";1
77;9;2;1;"2025-01-09 18:56:54";80.00;AJUDANTE;1
78;9;2;1;"2025-01-09 20:22:07";85.00;PIX;1
79;9;2;3;"2025-01-09 20:23:57";810.00;Débito;1
80;10;2;1;"2025-01-10 08:13:01";8.00;PAO;1
81;10;2;1;"2025-01-10 14:18:48";50.00;GASOLINA;1
82;10;2;1;"2025-01-10 15:42:03";61.00;"GASOLINA MOTO -10,19 LITROS X 5,91 L";1
83;10;2;1;"2025-01-10 19:01:26";80.00;AJUDANTE;1
84;10;2;1;"2025-01-10 19:07:15";1400.00;FC;1
85;10;2;1;"2025-01-10 19:36:01";200.00;FC;1
86;10;2;4;"2025-01-10 19:58:11";240.00;Crédito;1
87;10;2;3;"2025-01-10 19:58:11";475.00;Débito;1
88;11;2;1;"2025-01-11 08:35:26";6.40;PAO;1
89;11;2;1;"2025-01-11 13:21:42";5700.00;FC;1
90;11;2;1;"2025-01-11 15:15:31";800.00;FC;1
91;11;2;1;"2025-01-11 17:37:39";600.00;FC;1
92;11;2;1;"2025-01-11 18:47:30";300.00;FC;1
93;11;2;1;"2025-01-11 18:59:30";80.00;AJUDANTE;1
94;11;2;1;"2025-01-11 19:42:55";90.00;"Joao vitor fez PIX e pegou dinheiro";1
95;11;2;4;"2025-01-11 19:59:36";235.00;Crédito;1
96;11;2;3;"2025-01-11 19:59:36";830.00;Débito;1
97;12;2;1;"2025-01-12 10:44:26";2.40;PAO;1
98;12;2;1;"2025-01-12 13:23:14";150.00;"3 POLOS BATERIA CAMINHAO";1
99;12;2;1;"2025-01-12 14:21:51";80.00;AJUDANTE;1
100;12;2;1;"2025-01-12 14:40:33";200.00;FC;1
101;12;2;4;"2025-01-12 14:56:15";355.00;Crédito;1
102;12;2;3;"2025-01-12 14:56:15";700.00;Débito;1
103;13;2;1;"2025-01-13 11:55:44";6.40;PAO;1
104;13;2;1;"2025-01-13 12:32:42";10.00;"COPIA DE CHAVE";1
105;13;2;1;"2025-01-13 13:26:12";1900.00;FC;1
106;13;2;1;"2025-01-13 15:01:04";1100.00;FC;1
107;13;2;1;"2025-01-13 19:05:49";80.00;GABRIEL;1
108;13;2;1;"2025-01-13 19:54:47";100.00;FC;1
109;13;2;4;"2025-01-13 20:02:47";120.00;Crédito;1
110;13;2;3;"2025-01-13 20:02:47";235.00;Débito;1
111;13;2;5;"2025-01-13 20:02:47";120.00;Pix;1
112;14;2;1;"2025-01-14 08:12:05";6.40;PAO;1
113;14;2;1;"2025-01-14 12:06:05";9.90;"COLA ";1
114;14;2;1;"2025-01-14 12:20:49";1900.00;FC;1
115;14;2;1;"2025-01-14 18:02:53";1000.00;FC;1
116;14;2;1;"2025-01-14 18:07:50";2.40;"PAO DA TARDE ";1
117;14;2;1;"2025-01-14 18:57:00";80.00;GABRIEL;1
118;14;2;1;"2025-01-14 19:54:09";200.00;FC;1
119;14;2;4;"2025-01-14 20:03:44";115.00;Crédito;1
120;14;2;3;"2025-01-14 20:03:44";835.00;Débito;1
121;15;2;1;"2025-01-15 08:13:06";6.40;PAO;1
122;15;2;1;"2025-01-15 11:49:43";2000.00;FC;1
123;15;2;1;"2025-01-15 14:11:53";50.00;GASOLINA;1
124;15;2;1;"2025-01-15 17:31:31";12.90;"CADERNO ANOTAO";1
125;15;2;1;"2025-01-15 19:00:56";80.00;GABRIEL;1
126;15;2;1;"2025-01-15 19:08:26";900.00;FC;1
127;15;2;4;"2025-01-15 20:12:01";120.00;Crédito;1
128;15;2;3;"2025-01-15 20:12:01";825.00;Débito;1
129;16;2;1;"2025-01-16 13:48:54";2800.00;FC;1
130;16;2;1;"2025-01-16 16:22:18";61.00;"GASOLINA MOTO";1
131;16;2;1;"2025-01-16 17:54:01";100.00;"COMPRA VASILHAME P13";1
132;16;2;1;"2025-01-16 18:52:33";80.00;GABRIEL;1
133;16;2;1;"2025-01-16 19:57:30";628.00;"FC 350 pix 270 pao 8";1
134;16;2;4;"2025-01-16 20:01:16";240.00;Crédito;1
135;16;2;3;"2025-01-16 20:01:16";465.00;Débito;1
136;16;2;5;"2025-01-16 20:01:16";20.00;Pix;1
137;17;2;1;"2025-01-17 14:29:28";3000.00;FC;1
138;17;2;1;"2025-01-17 14:50:42";4.90;"MARCA TEXTO";1
139;17;2;1;"2025-01-17 14:51:09";6.40;PAO;1
140;17;2;1;"2025-01-17 15:00:44";38.00;"LAMPADA FAROL";1
141;17;2;1;"2025-01-17 15:01:18";6.00;"LAMPADA ESMAGADA GRANDE";1
142;17;2;1;"2025-01-17 15:01:36";12.00;"LAMPADA 2 POLOS";1
143;17;2;1;"2025-01-17 15:02:05";12.00;"LAMPADA 1 POLO-";1
144;17;2;1;"2025-01-17 18:19:32";300.00;FC;1
145;17;2;1;"2025-01-17 18:35:20";2.40;"TROQUEI PIX";1
146;17;2;1;"2025-01-17 18:53:35";80.00;GABRIEL;1
147;17;2;1;"2025-01-17 19:53:33";500.00;FC;1
148;17;2;4;"2025-01-17 20:01:14";120.00;Crédito;1
149;17;2;3;"2025-01-17 20:01:14";355.00;Débito;1
150;18;2;1;"2025-01-18 13:22:11";4000.00;FC;1
151;18;2;1;"2025-01-18 13:51:52";8.90;"FITA CREPE";1
152;18;2;1;"2025-01-18 18:58:38";80.00;GABRIEL;1
153;18;2;1;"2025-01-18 19:28:26";6.40;PAO;1
154;18;2;1;"2025-01-18 19:56:43";350.00;FC;1
155;18;2;4;"2025-01-18 20:02:49";240.00;Crédito;1
156;18;2;3;"2025-01-18 20:02:49";1148.00;Débito;1
157;19;2;1;"2025-01-19 14:04:43";80.00;GABRIEL;1
158;19;2;1;"2025-01-19 14:05:33";2.40;PAO;1
159;19;2;1;"2025-01-19 14:50:58";300.00;FC;1
160;19;2;4;"2025-01-19 14:57:37";350.00;Crédito;1
161;19;2;3;"2025-01-19 14:57:37";820.00;Débito;1
162;20;2;1;"2025-01-20 07:54:43";50.00;"MANUTENCAO TELEFONE";1
163;20;2;1;"2025-01-20 13:00:01";2700.00;"FC 2700 + 500 lory deu em dinheiro (crédito cliente)";1
164;20;2;1;"2025-01-20 15:52:56";30.00;"RELE , E 3 LAMPADAS ";1
165;20;2;1;"2025-01-20 16:20:16";50.00;GASOLINA;1
166;20;2;1;"2025-01-20 18:56:05";80.00;GABRIEL;1
167;20;2;1;"2025-01-20 19:20:52";6.40;PAO;1
168;20;2;1;"2025-01-20 20:01:04";500.00;FC;1
169;20;2;3;"2025-01-20 20:02:43";240.00;Débito;1
170;21;2;1;"2025-01-21 08:16:10";6.40;PAO;1
171;21;2;1;"2025-01-21 11:17:40";105.00;"PECAS MOTO FAN 128";1
172;21;2;1;"2025-01-21 11:27:11";1000.00;FC;1
173;21;2;1;"2025-01-21 12:45:50";30.00;"DESENTUPIDOR PILHA";1
174;21;2;1;"2025-01-21 13:01:02";2900.00;FC;1
175;21;2;1;"2025-01-21 15:19:47";100.00;"RODAS FAN 2008";1
176;21;2;1;"2025-01-21 18:55:56";80.00;GABRIEL;1
177;21;2;1;"2025-01-21 19:58:39";750.00;FC;1
178;21;2;4;"2025-01-21 20:18:29";475.00;Crédito;1
179;21;2;3;"2025-01-21 20:18:29";495.00;Débito;1
180;22;2;1;"2025-01-22 14:44:13";2000.00;FC;1
181;22;2;1;"2025-01-22 14:53:01";50.00;"GASOLINA MOTO YBR";1
182;22;2;1;"2025-01-22 17:09:29";700.00;FC;1
183;22;2;1;"2025-01-22 19:00:58";80.00;GABRIEL;1
184;22;2;1;"2025-01-22 19:11:31";6.40;PAO;1
185;22;2;1;"2025-01-22 19:57:12";350.00;FC;1
186;22;2;4;"2025-01-22 20:06:19";360.00;Crédito;1
187;22;2;3;"2025-01-22 20:06:19";475.00;Débito;1
188;23;2;1;"2025-01-23 08:16:27";6.40;PAO;1
189;23;2;1;"2025-01-23 08:21:44";8.00;MANTEIGA;1
190;23;2;1;"2025-01-23 12:49:02";85.90;"OLEO DIESEL CAMINHAO";1
191;23;2;1;"2025-01-23 12:50:10";16.50;"SPRAY DESINGRIPANTE";1
192;23;2;1;"2025-01-23 13:06:57";1700.00;FC;1
193;23;2;1;"2025-01-23 13:27:16";750.00;FC;1
194;23;2;1;"2025-01-23 13:53:55";50.00;GASOLINA;1
195;23;2;1;"2025-01-23 19:53:12";230.00;"FC+gabriel 80,00";1
196;23;2;4;"2025-01-23 19:57:06";350.00;Crédito;1
197;23;2;3;"2025-01-23 19:57:06";585.00;Débito;1
198;24;2;1;"2025-01-24 08:21:44";6.40;PAO;1
199;24;2;1;"2025-01-24 08:40:26";200.00;"DIESEL CAMINHAO";1
200;24;2;1;"2025-01-24 12:00:11";1400.00;FC;1
201;24;2;1;"2025-01-24 18:53:00";80.00;GABRIEL;1
202;24;2;4;"2025-01-24 20:09:40";1085.00;"Crédito 1205-120 não pagou pdv";1
203;24;2;3;"2025-01-24 20:09:40";360.00;Débito;1
204;25;2;1;"2025-01-25 12:43:13";2500.00;FC;1
205;25;2;1;"2025-01-25 16:12:46";6.40;PAO;1
206;25;2;1;"2025-01-25 18:55:41";80.00;GABRIEL;1
207;25;2;1;"2025-01-25 19:51:49";700.00;FC;1
208;25;2;4;"2025-01-25 19:56:13";120.00;Crédito;1
209;25;2;4;"2025-01-25 20:05:00";705.00;Crédito;1
210;25;2;3;"2025-01-25 20:05:00";590.00;Débito;1
211;26;2;1;"2025-01-26 11:04:28";1.60;PAO;1
212;26;2;1;"2025-01-26 13:24:05";80.00;"JOAO VITOR";1
213;26;2;1;"2025-01-26 13:58:39";600.00;FC;1
214;26;2;4;"2025-01-26 14:07:11";235.00;Crédito;1
215;26;2;3;"2025-01-26 14:07:11";235.00;Débito;1
216;27;2;1;"2025-01-27 08:19:02";6.40;PAO;1
217;27;2;1;"2025-01-27 11:12:03";1500.00;"COMPRA GAS";1
218;27;2;1;"2025-01-27 11:22:10";50.00;"GASOLINA MOTO FAN";1
219;27;2;1;"2025-01-27 14:05:45";700.00;FC;1
220;27;2;1;"2025-01-27 15:37:24";50.00;"GASOLINA YBR";1
221;27;2;1;"2025-01-27 18:35:02";20.00;"LIXA , LIMPA ALUMINIO PARA PRIVADA";1
222;27;2;1;"2025-01-27 19:01:14";80.00;GABRIEL;1
223;27;2;1;"2025-01-27 19:50:48";30.00;"GABRIEL FEZ PIX";1
224;27;2;4;"2025-01-27 20:13:41";585.00;Crédito;1
225;27;2;3;"2025-01-27 20:13:41";355.00;Débito;1
226;28;2;1;"2025-01-28 08:30:46";200.00;"caminhao diesel";1
227;28;2;1;"2025-01-28 08:31:03";6.40;PAO;1
228;28;2;1;"2025-01-28 11:44:37";1600.00;FC;1
229;28;2;1;"2025-01-28 11:47:56";40.00;"CABO DE VELOCIMETRO MOTO FAN";1
230;28;2;1;"2025-01-28 12:30:57";25.00;"GABRIEL FEZ PIX";1
231;28;2;1;"2025-01-28 16:52:48";25.00;"ROLAMENTO DA COROA";1
232;28;2;1;"2025-01-28 20:02:23";1180.00;"FC 1.100 - gabriel - 80,00";1
233;28;2;4;"2025-01-28 20:11:18";480.00;Crédito;1
234;28;2;3;"2025-01-28 20:11:18";760.00;Débito;1
235;28;2;5;"2025-01-28 20:11:18";115.00;Pix;1
236;29;2;1;"2025-01-29 09:02:07";7.20;PAO;1
237;29;2;1;"2025-01-29 11:38:55";700.00;FC;1
238;29;2;1;"2025-01-29 14:04:58";1700.00;FC;1
239;29;2;1;"2025-01-29 15:56:46";120.00;VISTORIA;1
240;29;2;1;"2025-01-29 15:57:02";20.00;"PARAFUSOS MOTO FAN";1
241;29;2;1;"2025-01-29 17:09:17";6.00;"PANO DE CHAO";1
242;29;2;1;"2025-01-29 17:36:02";30.00;"GABRIEL FEZ PIX";1
243;29;2;1;"2025-01-29 19:03:17";80.00;GABRIEL;1
244;29;2;1;"2025-01-29 20:01:46";500.00;FC;1
245;29;2;4;"2025-01-29 20:02:49";115.00;Crédito;1
246;29;2;3;"2025-01-29 20:02:49";345.00;Débito;1
247;30;2;1;"2025-01-30 08:55:39";6.40;PAO;1
248;30;2;1;"2025-01-30 12:01:56";2400.00;FC;1
249;30;2;1;"2025-01-30 19:55:59";735.00;FC;1
250;30;2;4;"2025-01-30 20:07:04";275.00;Crédito;1
251;30;2;3;"2025-01-30 20:07:04";60.00;Débito;1
252;31;2;1;"2025-01-31 11:53:53";1000.00;FC;1
253;31;2;1;"2025-01-31 14:19:21";1700.00;FC;1
254;31;2;1;"2025-01-31 16:27:21";24.40;"SABONETE PARA MAOS 14, pão 10,40";1
255;31;2;1;"2025-01-31 18:16:27";125.00;TELEFONES;1
256;31;2;1;"2025-01-31 19:02:11";80.00;GABRIEL;1
257;31;2;1;"2025-01-31 19:58:07";250.00;FC;1
258;31;2;4;"2025-01-31 20:03:49";120.00;Crédito;1
259;31;2;3;"2025-01-31 20:03:49";1285.00;Débito;1
260;32;2;1;"2025-02-01 13:18:55";1000.00;FC;1
261;32;2;1;"2025-02-01 14:39:36";100.00;"DIESEL CAMINHAO";1
262;32;2;1;"2025-02-01 14:42:11";6.40;PAO;1
263;32;2;1;"2025-02-01 18:59:23";1200.00;FC;1
264;32;2;1;"2025-02-01 19:00:56";0.00;GABRIEL;1
265;32;2;1;"2025-02-01 20:03:03";250.00;FC;1
266;32;2;4;"2025-02-01 20:20:16";235.00;Crédito;1
267;32;2;3;"2025-02-01 20:20:16";470.00;Débito;1
268;32;2;6;"2025-02-01 20:20:16";115.00;"Pix Portaria";1
269;33;1;4;"2025-02-02 10:41:08";115.00;"Crédito - cliente pagou na maquininha sacolao";1
270;33;2;1;"2025-02-02 14:09:01";80.00;GABRIEL;1
271;33;1;3;"2025-02-02 14:22:06";120.00;"CLIENTE PAGOU NO DEBITO ONTEM A NOITE";1
272;33;1;1;"2025-02-02 14:22:33";4.00;PAO;1
273;33;1;1;"2025-02-02 14:24:55";535.00;"FC 650 - 115";1
274;33;2;4;"2025-02-02 14:39:35";595.00;Crédito;1
275;33;2;3;"2025-02-02 14:39:35";180.00;Débito;1
276;34;2;1;"2025-02-03 11:43:59";2400.00;FC;1
277;34;2;1;"2025-02-03 14:44:22";800.00;FC;1
278;34;2;1;"2025-02-03 17:56:06";2800.00;FC;1
279;34;2;1;"2025-02-03 17:58:06";6.40;PAO;1
280;34;2;1;"2025-02-03 20:00:53";500.00;FC;1
281;34;2;4;"2025-02-03 20:07:54";710.00;Crédito;1
282;35;2;1;"2025-02-04 08:37:14";17.25;"CORDA DE  METROS E 4,80 do pão";1
283;35;2;1;"2025-02-04 12:36:50";2000.00;FC;1
284;35;2;1;"2025-02-04 17:38:06";1300.00;FC;1
285;35;2;4;"2025-02-04 18:05:31";355.00;Crédito;1
286;35;2;3;"2025-02-04 18:05:31";335.00;Débito;1
287;36;170;1;"2025-02-04 20:29:54";500.00;FC;1
288;36;170;4;"2025-02-04 20:30:47";240.00;Crédito;1
289;36;170;3;"2025-02-04 20:30:47";235.00;Débito;1
290;37;2;1;"2025-02-05 14:30:12";4000.00;FC;1
291;37;2;1;"2025-02-05 19:53:50";950.00;FC;1
292;37;2;1;"2025-02-05 19:54:14";304.80;"GABRIEL matrícula carta moto  , pão 4,80";1
293;37;2;4;"2025-02-05 20:22:32";595.00;Crédito;1
294;37;2;3;"2025-02-05 20:22:32";1450.00;Débito;1
295;37;2;6;"2025-02-05 20:22:32";235.00;"Pix Portaria";1
296;38;2;1;"2025-02-06 17:13:18";50.00;"GASOLINA MOTO YBR";1
297;38;2;1;"2025-02-06 18:07:06";1200.00;FC;1
298;38;2;1;"2025-02-06 19:55:53";400.00;FC;1
299;38;2;4;"2025-02-06 20:07:17";355.00;Crédito;1
300;38;2;3;"2025-02-06 20:07:17";350.00;Débito;1
301;38;2;6;"2025-02-06 20:07:17";15.00;"Pix Portaria";1
302;39;2;1;"2025-02-07 08:11:50";3.25;PAO;1
303;39;2;1;"2025-02-07 13:16:29";4500.00;FC;1
304;39;2;1;"2025-02-07 19:53:50";900.00;FC;1
305;39;2;4;"2025-02-07 20:03:56";120.00;Crédito;1
306;39;2;3;"2025-02-07 20:03:56";840.00;Débito;1
307;40;2;1;"2025-02-08 08:17:44";4.80;PAO;1
308;40;2;1;"2025-02-08 14:26:12";4000.00;FC;1
309;40;2;1;"2025-02-08 19:55:14";600.00;FC;1
310;40;2;4;"2025-02-08 20:03:24";450.00;Crédito;1
311;40;2;3;"2025-02-08 20:03:24";1250.00;"Débito 1195 + 55 dia anterior";1
312;41;2;1;"2025-02-09 10:07:01";4.80;PAO;1
313;41;2;1;"2025-02-09 12:51:46";50.00;"GASOLINA YBR";1
314;41;2;1;"2025-02-09 13:56:36";600.00;Fc;1
315;41;2;4;"2025-02-09 14:09:40";760.00;Crédito;1
316;41;2;3;"2025-02-09 14:09:40";470.00;Débito;1
317;41;2;6;"2025-02-09 14:09:40";115.00;"Pix Portaria";1
318;42;2;1;"2025-02-10 09:44:40";4.80;PAO;1
319;42;2;1;"2025-02-10 09:45:23";5.00;"BENJAMIN PARA TOMADA";1
320;42;2;1;"2025-02-10 13:44:59";3500.00;FC;1
321;42;170;1;"2025-02-10 19:51:16";855.00;"FC 1550 - 425 clayton -270 araujo";1
322;42;2;4;"2025-02-10 20:10:15";120.00;Crédito;1
323;42;2;3;"2025-02-10 20:10:15";360.00;Débito;1
324;43;2;1;"2025-02-11 09:51:29";4.80;PAO;1
325;43;2;1;"2025-02-11 13:32:30";1200.00;FC;1
326;43;2;1;"2025-02-11 19:52:48";1100.02;"FC 1100 + 0,02 fabiano";1
327;43;2;4;"2025-02-11 20:00:25";120.00;Crédito;1
328;43;2;3;"2025-02-11 20:00:25";710.00;Débito;1
329;43;2;6;"2025-02-11 20:00:25";120.00;"Pix Portaria";1
330;44;2;1;"2025-02-12 09:47:43";4.00;PAO;1
331;44;2;1;"2025-02-12 13:30:46";180.00;"GABRIEL CNH";1
332;44;2;1;"2025-02-12 14:35:22";12.90;"PLUGUE TOMADA";1
333;44;2;1;"2025-02-12 15:44:34";1700.00;FC;1
334;44;2;1;"2025-02-12 17:05:46";50.00;"GASOLINA YBR";1
335;44;2;1;"2025-02-12 19:51:00";200.00;FC;1
336;44;2;4;"2025-02-12 19:59:47";775.00;Crédito;1
337;44;2;3;"2025-02-12 19:59:47";715.00;Débito;1
338;45;2;1;"2025-02-13 10:13:53";3.20;PAO;1
339;45;2;1;"2025-02-13 19:46:37";950.00;FC;1
340;45;2;4;"2025-02-13 19:56:44";120.00;Crédito;1
341;45;2;3;"2025-02-13 19:56:44";235.00;Débito;1
342;45;2;6;"2025-02-13 19:56:44";230.00;"Pix Portaria";1
343;46;2;1;"2025-02-14 10:13:10";4.00;PAO;1
344;46;2;1;"2025-02-14 13:54:25";5000.00;"HELIO GS";1
345;46;2;1;"2025-02-14 14:22:52";200.00;VALDO;1
346;46;2;1;"2025-02-14 19:51:55";500.00;FC;1
347;46;2;3;"2025-02-14 20:00:42";570.00;Débito;1
348;46;2;6;"2025-02-14 20:00:42";115.00;"Pix Chave";1
349;47;2;1;"2025-02-15 12:57:02";1000.00;FC;1
350;47;2;1;"2025-02-15 15:20:03";13.00;"CLORO ,DESINFETANTE";1
351;47;2;1;"2025-02-15 16:36:43";2300.00;FC;1
352;47;2;1;"2025-02-15 19:19:21";450.00;FC;1
353;47;2;1;"2025-02-15 19:53:00";23.00;"PAO - Chip vivo 19,00";1
354;47;2;4;"2025-02-15 20:06:10";825.00;Crédito;1
355;47;2;3;"2025-02-15 20:06:10";535.00;Débito;1
356;48;170;1;"2025-02-16 10:45:42";4.00;PAO;1
357;48;170;1;"2025-02-16 14:18:05";630.00;"80 GABRIEL 550 FC";1
358;48;170;4;"2025-02-16 14:18:47";355.00;Crédito;1
359;48;170;3;"2025-02-16 14:18:47";120.00;Débito;1
360;49;2;1;"2025-02-17 10:15:45";8.20;"99 -DO KAIQUE   ---- pão 3,20";1
361;49;2;1;"2025-02-17 12:33:21";2000.00;FC;1
362;49;2;1;"2025-02-17 19:55:13";750.00;FC;1
363;49;2;4;"2025-02-17 20:20:34";120.00;Crédito;1
364;49;2;3;"2025-02-17 20:20:34";235.00;Débito;1
365;49;2;6;"2025-02-17 20:20:34";325.00;"Pix Chave";1
366;50;2;1;"2025-02-18 09:40:05";50.00;"GASOLINA YBR";1
367;50;2;1;"2025-02-18 11:06:22";4.00;pão;1
368;50;2;1;"2025-02-18 15:22:42";1200.00;FC;1
369;50;2;4;"2025-02-18 15:40:49";115.00;Crédito;1
370;50;2;3;"2025-02-18 15:40:49";820.00;Débito;1
371;50;2;6;"2025-02-18 15:40:49";142.30;"Pix Chave";1
372;51;170;1;"2025-02-18 19:34:26";150.00;FC;1
373;51;170;4;"2025-02-18 19:36:03";215.00;Crédito;1
375;52;2;1;"2025-02-19 11:09:57";4000.00;FC;1
376;52;2;1;"2025-02-19 13:44:38";50.00;"OLEO DE MOTO ,2LTS ";1
377;52;2;1;"2025-02-19 13:45:57";50.00;"ROLAMENTO MOTO FAN";1
378;52;2;1;"2025-02-19 13:48:26";20.00;"JUNTA DA TAMPA DE EMBREAGEM";1
379;52;2;1;"2025-02-19 13:50:36";60.00;"FILTRO CENTRIFUGO";1
380;52;2;1;"2025-02-19 19:38:41";1200.00;FC;1
381;52;2;1;"2025-02-19 19:57:08";3.20;PAO;1
382;52;2;4;"2025-02-19 19:58:57";175.00;Crédito;1
383;52;2;3;"2025-02-19 19:58:57";420.00;Débito;1
384;52;2;6;"2025-02-19 19:58:57";2531.88;"Pix Chave";1
385;53;2;1;"2025-02-20 10:53:39";32.00;GASOLINA;1
386;53;2;1;"2025-02-20 18:52:21";800.00;FC;1
387;53;2;1;"2025-02-20 19:04:26";10.50;"99 KAIQUE";1
388;53;2;4;"2025-02-20 20:06:24";120.00;Crédito;1
389;53;2;7;"2025-02-20 20:06:24";142.42;"credito 2x";1
390;53;2;3;"2025-02-20 20:06:24";115.00;Débito;1
391;53;2;6;"2025-02-20 20:06:25";340.00;"Pix Chave";1
392;54;2;1;"2025-02-21 09:03:02";268.90;CIMENTO;1
393;54;2;1;"2025-02-21 10:42:58";2800.00;"FC - Monique Depositou";1
394;54;2;1;"2025-02-21 11:07:43";9.90;"PILHA PALITO- 1 PASTA DOCUMENTO";1
395;54;2;1;"2025-02-21 12:08:46";600.00;"FC - Monique Depositou";1
396;54;2;1;"2025-02-21 17:58:59";6.00;PAO;1
397;54;2;1;"2025-02-21 18:00:37";500.00;FC;1
398;54;2;4;"2025-02-21 18:02:34";580.00;Crédito;1
399;54;2;3;"2025-02-21 18:02:34";240.00;Débito;1
400;54;2;6;"2025-02-21 18:02:34";859.00;"Pix Chave";1
401;55;170;1;"2025-02-21 19:47:29";510.00;"450 FC + 60 nota de 2";1
402;56;2;1;"2025-02-22 09:45:13";4.00;PAO;1
403;56;2;1;"2025-02-22 11:53:36";3000.00;FC;1
404;56;2;1;"2025-02-22 19:37:07";3400.00;FC;1
405;56;2;1;"2025-02-22 19:55:50";200.00;FC;1
406;56;2;4;"2025-02-22 20:23:20";360.00;Crédito;1
407;56;2;3;"2025-02-22 20:23:20";715.00;Débito;1
408;56;2;6;"2025-02-22 20:23:20";4950.10;"Pix Chave";1
409;57;2;1;"2025-02-23 13:54:46";40.00;"99 KAIQUE";1
410;57;2;1;"2025-02-23 13:56:06";950.00;FC;1
411;57;2;1;"2025-02-23 14:09:29";1.60;PAO;1
412;57;2;4;"2025-02-23 14:13:51";475.00;Crédito;1
413;57;2;3;"2025-02-23 14:13:51";540.00;Débito;1
414;57;2;6;"2025-02-23 14:13:51";340.00;"Pix Chave";1
415;58;2;1;"2025-02-24 09:08:05";2.45;PAO;1
416;58;2;1;"2025-02-24 13:42:07";190.50;"gasolina 70,50 ,vistoria 120,00";1
417;58;170;1;"2025-02-24 19:46:13";1450.00;"FC vitor 700,00 fc monique 750,00";1
418;58;2;4;"2025-02-24 19:58:45";360.00;Crédito;1
419;58;2;7;"2025-02-24 19:58:45";130.00;"credito 2x";1
420;58;2;3;"2025-02-24 19:58:45";355.00;Débito;1
421;58;2;6;"2025-02-24 19:58:45";1178.00;"Pix Chave";1
422;59;2;1;"2025-02-25 14:23:20";3850.00;FC;1
423;59;2;1;"2025-02-25 19:52:54";700.00;FC;1
424;59;2;1;"2025-02-25 19:59:16";3.20;PAO;1
425;59;2;4;"2025-02-25 20:00:16";235.00;Crédito;1
426;59;2;7;"2025-02-25 20:00:16";260.00;"credito 2x";1
427;59;2;3;"2025-02-25 20:00:16";215.00;Débito;1
428;59;2;6;"2025-02-25 20:00:16";2576.25;"Pix Chave";1
429;60;2;1;"2025-02-26 10:49:05";4000.00;FC;1
430;60;2;1;"2025-02-26 19:37:05";200.00;FC;1
431;60;2;1;"2025-02-26 19:57:08";4.80;PAO;1
432;60;2;4;"2025-02-26 19:58:40";240.00;Crédito;1
433;60;2;3;"2025-02-26 19:58:40";355.00;Débito;1
434;60;2;6;"2025-02-26 19:58:40";1517.71;"Pix Chave";1
435;60;2;5;"2025-02-26 19:58:40";120.00;"Pix Maquininha";1
436;61;2;1;"2025-02-27 18:56:53";2.40;PAO;1
437;61;2;1;"2025-02-27 18:58:00";2700.00;FC;1
438;61;2;4;"2025-02-27 20:21:31";120.00;Crédito;1
439;61;2;3;"2025-02-27 20:21:31";1045.00;Débito;1
440;61;2;6;"2025-02-27 20:21:31";1253.46;"Pix Chave";1
441;62;2;1;"2025-02-28 11:24:48";1500.00;FC;1
442;62;2;1;"2025-02-28 18:01:11";15.00;"TERMINAL DE BATERIA CAMINHAO";1
443;62;2;1;"2025-02-28 18:03:10";2000.00;FC;1
444;62;2;1;"2025-02-28 18:45:56";50.00;GASOLINA;1
445;62;2;1;"2025-02-28 19:58:39";3.45;PAO;1
446;62;2;4;"2025-02-28 20:00:36";235.00;Crédito;1
447;62;2;3;"2025-02-28 20:00:36";355.00;Débito;1
448;62;2;6;"2025-02-28 20:00:36";1837.65;"Pix Chave";1
449;63;2;1;"2025-03-01 10:26:01";10.00;"PIX MONIQUE ";1
450;63;2;1;"2025-03-01 17:10:45";2000.00;FC;1
451;63;2;1;"2025-03-01 19:13:18";1000.00;FC;1
452;63;2;1;"2025-03-01 19:18:36";344.00;"PAO 4,00---340,00  que estava na gaveta  ";1
453;63;2;1;"2025-03-01 19:29:22";1700.00;FC;1
454;63;2;4;"2025-03-01 20:14:24";470.00;Crédito;1
455;63;2;3;"2025-03-01 20:14:24";700.00;Débito;1
456;63;2;6;"2025-03-01 20:14:24";3521.73;"Pix Chave";0
457;64;170;1;"2025-03-02 14:41:07";750.00;FC;1
458;64;170;1;"2025-03-02 15:01:12";695.00;cartoes;0
459;64;170;1;"2025-03-02 15:03:29";339.10;"333 FC + 6,10 moeda";1
460;65;2;1;"2025-03-03 11:03:33";2000.00;FC;1
461;65;2;1;"2025-03-03 16:44:01";50.00;"GASOLINA YBR";1
462;65;2;1;"2025-03-03 19:14:23";1800.00;FC;1
463;65;2;4;"2025-03-03 20:03:29";235.00;Crédito;0
464;65;2;7;"2025-03-03 20:03:29";130.00;"credito 2x";0
465;65;2;3;"2025-03-03 20:03:29";595.00;Débito;0
466;65;2;6;"2025-03-03 20:03:29";1020.00;"Pix Chave";0
467;66;2;1;"2025-03-04 07:57:34";23.00;"99 CAIQUE--- 4,00 pão";1
468;66;2;1;"2025-03-04 15:11:57";900.00;FC;1
469;66;2;4;"2025-03-04 15:19:58";120.00;Crédito;0
470;66;2;3;"2025-03-04 15:19:58";355.00;Débito;0
471;66;2;6;"2025-03-04 15:19:58";3082.46;"Pix Chave";0
472;67;2;1;"2025-03-05 10:14:51";30.00;"CABO ACELERADOR FAN 125";1
473;67;2;1;"2025-03-05 12:25:50";24.00;"CHIP VIVO";1
474;67;2;1;"2025-03-05 12:54:21";900.00;"FC - monique depositou";1
475;67;2;1;"2025-03-05 13:34:02";300.00;"800 FC - monique depositou, reduzi 500 caberrao pagou mas não finalizou pedido";1
476;67;2;1;"2025-03-05 14:41:34";3.20;PAO;1
477;67;2;1;"2025-03-05 14:46:15";0.80;"TROCO PAO";1
478;67;2;3;"2025-03-05 14:46:35";240.00;Débito;1
479;67;2;6;"2025-03-05 14:46:35";1435.00;"Pix Chave";1
480;68;170;1;"2025-03-05 16:49:51";1800.00;FC;1
481;68;170;3;"2025-03-05 19:53:44";350.00;Débito;1
482;68;170;6;"2025-03-05 19:53:44";410.00;"Pix Chave";1
483;69;2;1;"2025-03-06 19:16:16";2250.00;"1750 FC + 500 recebeu dinheiro ontem caberrao";1
484;69;2;1;"2025-03-06 20:08:05";4.00;PAO;1
485;69;2;4;"2025-03-06 20:10:14";485.00;Crédito;0
486;69;2;3;"2025-03-06 20:10:14";785.00;Débito;0
487;69;2;6;"2025-03-06 20:10:14";1838.70;"Pix Chave";0
488;70;2;1;"2025-03-07 16:22:27";5.00;PAO;1
489;70;2;1;"2025-03-07 16:31:13";60.00;"GASOLINA MOTO FAN";1
490;70;2;1;"2025-03-07 20:11:36";1800.00;FC;1
491;70;2;1;"2025-03-07 20:26:46";100.00;FC;1
492;70;2;4;"2025-03-07 20:41:59";480.00;Crédito;0
493;70;2;3;"2025-03-07 20:41:59";465.00;Débito;0
494;70;2;6;"2025-03-07 20:41:59";3583.08;"Pix Chave";0
495;71;2;1;"2025-03-08 14:28:31";1000.00;FC;1
496;71;2;1;"2025-03-08 15:49:33";350.00;FC;1
497;71;2;1;"2025-03-08 15:56:44";4.00;PAO;1
498;71;2;4;"2025-03-08 15:57:40";350.00;Crédito;0
499;71;2;3;"2025-03-08 15:57:40";350.00;Débito;0
500;71;2;6;"2025-03-08 15:57:40";1867.25;"Pix Chave";0
501;72;170;1;"2025-03-08 19:19:39";250.00;FC;1
502;72;170;4;"2025-03-08 19:43:54";120.00;Crédito;0
503;73;170;1;"2025-03-09 09:46:26";2.40;PAO;1
504;73;170;1;"2025-03-09 14:00:03";80.00;GABRIEL;1
505;73;170;1;"2025-03-09 14:03:18";1.60;MOEDAS;1
506;73;170;1;"2025-03-09 14:04:59";1050.00;"800 FC - 250 tirou do troco - 20 colocou pix chave";1
507;73;170;4;"2025-03-09 14:06:34";120.00;Crédito;0
508;73;170;3;"2025-03-09 14:06:34";715.00;Débito;0
509;73;170;6;"2025-03-09 14:06:34";980.00;"Pix Chave";0
510;74;2;1;"2025-03-10 09:45:37";1000.00;FC;1
511;74;2;1;"2025-03-10 10:51:55";3000.00;FC;1
512;74;2;1;"2025-03-10 19:02:11";1400.00;FC;1
513;74;2;1;"2025-03-10 19:08:26";22.00;"99 CAIQUE";1
514;74;2;1;"2025-03-10 19:47:34";4.63;PAO;1
515;74;2;4;"2025-03-10 20:02:10";465.00;Crédito;0
516;74;2;7;"2025-03-10 20:02:10";130.00;"credito 2x";0
517;74;2;3;"2025-03-10 20:02:10";940.00;Débito;0
518;74;2;6;"2025-03-10 20:02:10";1005.00;"Pix Chave";0
519;75;2;1;"2025-03-11 08:30:31";1.60;PAO;1
520;75;2;1;"2025-03-11 08:30:57";0.40;Moedas;1
521;75;2;1;"2025-03-11 11:08:29";2800.00;FC;1
522;75;2;1;"2025-03-11 18:59:09";80.00;"GABRIEL  DIA";1
523;75;2;1;"2025-03-11 19:19:17";353.00;FC;1
524;75;2;4;"2025-03-11 20:01:15";60.00;Crédito;0
525;75;2;3;"2025-03-11 20:01:15";355.00;Débito;0
526;75;2;6;"2025-03-11 20:01:15";2242.96;"Pix Chave";0
527;76;2;1;"2025-03-12 12:35:45";340.00;"Uniformes 6 camisas 45,00 - 1 calça 70,00";1
528;76;2;1;"2025-03-12 15:09:19";1000.00;"FC - Monique Depositou";1
529;76;2;1;"2025-03-12 15:25:13";8.00;99-MONIQUE;1
530;76;2;1;"2025-03-12 16:18:15";60.00;"GASOLINA-MOTO FAN";1
531;76;2;1;"2025-03-12 19:46:24";600.00;FC;1
532;76;2;4;"2025-03-12 19:56:23";120.00;Crédito;0
533;76;2;3;"2025-03-12 19:56:23";215.00;Débito;0
534;76;2;6;"2025-03-12 19:56:23";1534.00;"Pix Chave";0
535;77;2;1;"2025-03-13 10:46:55";2000.00;FC;1
536;77;2;1;"2025-03-13 19:31:19";951.50;FC;1
537;77;2;1;"2025-03-13 19:40:36";120.00;"SENHOR DEIXOU GAS PAGO E QUS O DINHEIRO ";1
538;77;2;4;"2025-03-13 19:56:48";470.00;Crédito;0
539;77;2;3;"2025-03-13 19:56:48";450.00;Débito;0
540;77;2;6;"2025-03-13 19:56:48";610.00;"Pix Chave";0
541;78;2;1;"2025-03-14 10:40:26";16.60;"EDSON FEZ PIX 15,00-----Pão 1,60";1
542;78;2;1;"2025-03-14 18:52:22";1100.00;FC;1
543;78;2;1;"2025-03-14 18:52:56";3.40;MOEDAS;1
544;78;2;4;"2025-03-14 20:09:59";120.00;Crédito;0
545;78;2;3;"2025-03-14 20:10:00";345.00;Débito;0
546;78;2;6;"2025-03-14 20:10:00";1107.00;"Pix Chave";0
547;79;2;1;"2025-03-15 15:11:29";1250.00;FC;1
548;79;2;1;"2025-03-15 16:31:12";250.00;FC;1
549;79;2;1;"2025-03-15 16:31:30";1.65;MOEDAS;1
550;79;2;1;"2025-03-15 16:32:51";2.40;PAO;1
551;79;2;1;"2025-03-15 19:39:01";100.00;FC;1
552;79;2;1;"2025-03-15 19:39:31";80.00;"NOTAS DE 2,00";1
553;79;2;4;"2025-03-15 20:01:47";475.00;Crédito;0
554;79;2;3;"2025-03-15 20:01:47";945.00;Débito;0
555;79;2;6;"2025-03-15 20:01:47";4665.00;"Pix Chave";0
556;80;170;1;"2025-03-16 13:59:42";50.00;VITOR;1
557;80;170;1;"2025-03-16 14:02:47";720.00;"200 FC 520 maq + pix chave";1
558;81;2;1;"2025-03-17 11:37:50";2000.00;FC;1
559;81;2;1;"2025-03-17 16:32:03";7.90;"PAO ";1
560;81;2;1;"2025-03-17 19:18:54";100.00;FC;1
561;81;2;1;"2025-03-17 19:19:39";2.10;MOEDAS;1
562;81;2;1;"2025-03-17 19:53:56";150.00;FC;1
563;81;2;4;"2025-03-17 19:59:43";595.00;Crédito;0
564;81;2;3;"2025-03-17 19:59:43";700.00;Débito;0
565;81;2;6;"2025-03-17 19:59:43";1581.71;"Pix Chave";0
566;82;2;1;"2025-03-18 17:36:14";3.40;PAO;1
567;82;2;1;"2025-03-18 19:15:06";650.00;FC;1
568;82;2;1;"2025-03-18 19:24:53";80.70;"MOEDAS 0,70 ---- Gabriel - 80,00";1
569;82;2;1;"2025-03-18 19:55:10";250.00;FC;1
570;82;2;3;"2025-03-18 19:56:16";115.00;Débito;0
571;82;2;6;"2025-03-18 19:56:16";1292.00;"Pix Chave";0
572;83;2;1;"2025-03-19 09:06:21";2.00;"PAO 1,80---TROCO 0,20";1
573;83;2;1;"2025-03-19 12:24:33";60.00;GASOLINA;1
574;83;2;1;"2025-03-19 15:43:59";1400.00;FC;1
575;83;2;1;"2025-03-19 15:45:55";0.60;MOEDAS;1
576;83;2;1;"2025-03-19 19:31:10";150.00;FC;1
577;83;2;4;"2025-03-19 20:09:06";120.00;Crédito;0
578;83;2;3;"2025-03-19 20:09:06";910.00;Débito;0
579;83;2;6;"2025-03-19 20:09:06";1961.00;"Pix Chave";0
580;84;2;1;"2025-03-20 14:15:17";2600.00;FC;1
581;84;2;1;"2025-03-20 19:07:57";250.00;FC;1
582;84;2;1;"2025-03-20 20:02:51";2.00;PAO;1
583;84;2;4;"2025-03-20 20:05:00";535.00;Crédito;0
584;84;2;3;"2025-03-20 20:05:00";340.00;Débito;0
585;84;2;6;"2025-03-20 20:05:00";995.00;"Pix Chave";0
586;85;170;1;"2025-03-21 08:26:03";2.70;pao;1
587;85;170;1;"2025-03-21 12:11:40";2250.00;FC;1
588;85;170;1;"2025-03-21 14:38:39";453.30;"400 FC moedas 3,30 50,00-FC";1
589;85;170;4;"2025-03-21 14:42:04";115.00;Crédito;0
590;85;170;3;"2025-03-21 14:42:04";115.00;Débito;0
591;85;170;6;"2025-03-21 14:42:04";328.00;"Pix Chave";0
592;86;1;1;"2025-03-21 15:51:18";40.00;FC;1
593;86;1;1;"2025-03-21 19:23:10";135.00;FC;1
594;86;1;1;"2025-03-21 19:25:19";190.00;FC;1
595;86;1;4;"2025-03-21 19:25:27";115.00;Crédito;0
596;86;1;3;"2025-03-21 19:25:27";355.00;Débito;0
597;86;1;6;"2025-03-21 19:25:27";1160.00;"Pix Chave";0
598;87;2;1;"2025-03-22 08:24:18";2.70;PAO;1
599;87;2;1;"2025-03-22 08:24:28";10.30;Moedas;1
600;87;2;1;"2025-03-22 12:36:58";1800.00;FC;1
601;87;2;1;"2025-03-22 19:13:15";900.00;FC;1
602;87;2;1;"2025-03-22 19:50:17";0.00;PAO;1
603;87;2;4;"2025-03-22 19:58:34";470.00;Crédito;0
604;87;2;3;"2025-03-22 19:58:34";515.00;Débito;0
605;87;2;6;"2025-03-22 19:58:34";808.78;"Pix Chave";0
606;88;170;1;"2025-03-23 13:54:39";80.00;GABRIEL;1
607;88;170;1;"2025-03-23 13:58:45";302.00;"-50VITOR -250 FC-2,00-PAO ";1
608;88;170;4;"2025-03-23 14:03:34";475.00;Crédito;0
609;88;170;3;"2025-03-23 14:03:34";115.00;Débito;0
610;88;170;6;"2025-03-23 14:03:34";470.00;"Pix Chave";0
611;89;2;1;"2025-03-24 08:57:09";1000.00;FC;1
612;89;2;1;"2025-03-24 19:12:36";1100.00;FC;1
613;89;2;1;"2025-03-24 19:15:33";8.00;PAO-6,50----Troco-1,50;1
614;89;2;6;"2025-03-24 20:08:14";1170.00;"Pix Chave 720,00 debito 220,00 credito 230";1
615;90;2;1;"2025-03-25 08:17:40";3.20;PAO;1
616;90;2;1;"2025-03-25 12:10:14";850.00;FC;1
617;90;2;1;"2025-03-25 18:33:32";2.40;PAO;1
618;90;2;1;"2025-03-25 18:58:32";80.00;GABRIEL;1
619;90;2;1;"2025-03-25 19:11:26";800.00;FC;1
620;90;2;1;"2025-03-25 19:12:07";0.40;MOEDAS;1
621;90;2;3;"2025-03-25 19:57:37";795.00;Débito;0
622;90;2;6;"2025-03-25 19:57:38";1819.23;"Pix Chave";0
623;91;2;1;"2025-03-26 20:08:10";1150.00;FC;1
624;91;2;1;"2025-03-26 20:09:30";0.40;Moedas;1
625;91;2;1;"2025-03-26 20:10:29";5.60;PAO;1
626;91;2;4;"2025-03-26 20:13:01";320.00;Crédito;0
627;91;2;3;"2025-03-26 20:13:01";585.00;Débito;0
628;91;2;6;"2025-03-26 20:13:01";981.68;"Pix Chave";0
629;92;2;1;"2025-03-27 16:14:38";1550.00;FC;1
630;92;2;1;"2025-03-27 16:43:17";135.00;"PIX Monique, Vistoria Moto DYT-0B29 R$ 120,00";1
631;92;2;1;"2025-03-27 20:09:48";100.00;FC;1
632;92;2;4;"2025-03-27 20:17:55";235.00;Crédito;0
633;92;2;3;"2025-03-27 20:17:55";350.00;Débito;0
634;92;2;6;"2025-03-27 20:17:55";4188.40;"Pix Chave";0
635;93;2;1;"2025-03-28 09:16:20";1.60;PAO;1
636;93;2;1;"2025-03-28 14:06:55";500.00;"PAGAMENTO DINHEIRO CABERRAO";1
637;93;2;1;"2025-03-28 14:11:08";1100.00;"ROSE DEU EM DINHEIRO DEPOSTO";1
638;93;2;1;"2025-03-28 15:23:49";1400.00;FC;1
639;93;170;1;"2025-03-28 19:27:00";200.00;FC;1
640;93;170;1;"2025-03-28 19:28:39";1.40;MOEDAS;1
641;93;2;4;"2025-03-28 19:42:21";115.00;Crédito;0
642;93;2;3;"2025-03-28 19:42:21";115.00;Débito;0
643;93;2;6;"2025-03-28 19:42:21";927.55;"Pix Chave";0
644;94;2;1;"2025-03-29 10:09:36";1.60;PAO;1
645;94;2;1;"2025-03-29 19:00:06";1100.00;FC;1
646;94;2;1;"2025-03-29 19:04:42";25.40;MOEDAS;1
647;94;2;4;"2025-03-29 20:01:22";875.00;Crédito;0
648;94;2;3;"2025-03-29 20:01:22";235.00;Débito;0
649;94;2;6;"2025-03-29 20:01:22";4255.43;"Pix Chave";0
650;95;170;1;"2025-03-30 10:34:28";1.60;PAO;1
651;95;170;1;"2025-03-30 13:57:41";50.00;VITOR;1
652;95;170;1;"2025-03-30 14:00:25";450.40;"450-FC MOEDAS-0,40";1
653;95;170;4;"2025-03-30 14:04:05";115.00;Crédito;0
654;95;170;3;"2025-03-30 14:04:05";115.00;Débito;0
655;95;170;6;"2025-03-30 14:04:05";324.00;"Pix Chave";0
656;96;2;1;"2025-03-31 13:01:55";4.00;"RICARDO -CREDITO CLIENTE";0
657;96;2;1;"2025-03-31 13:03:05";2000.00;FC;1
658;96;2;1;"2025-03-31 15:53:47";500.00;FC;1
659;96;2;4;"2025-03-31 15:57:35";235.00;Crédito;0
660;96;2;3;"2025-03-31 15:57:35";120.00;Débito;0
661;96;2;6;"2025-03-31 15:57:35";1602.53;"Pix Chave";0
662;97;2;1;"2025-03-31 16:16:32";100.00;GASOLINA;1
663;97;170;1;"2025-03-31 16:33:01";1000.00;FC;1
664;97;170;1;"2025-03-31 19:30:37";350.00;FC;1
665;97;170;4;"2025-03-31 19:37:43";230.00;Crédito;0
666;97;170;6;"2025-03-31 19:37:43";85.00;"Pix Chave";0
667;98;2;1;"2025-04-01 13:09:57";4.80;PAO;1
668;98;170;1;"2025-04-01 19:10:56";400.00;FC;1
669;98;170;1;"2025-04-01 19:13:03";1.20;MOEDAS;1
670;98;170;1;"2025-04-01 19:31:03";80.00;GABRIEL;1
671;98;2;4;"2025-04-01 19:45:51";235.00;Crédito;0
672;98;2;3;"2025-04-01 19:45:51";710.00;Débito;0
673;98;2;6;"2025-04-01 19:45:51";1618.00;"Pix Chave";0
674;99;2;1;"2025-04-02 11:04:54";30.00;"BUCHAS DO QUADRO ELASTICO FAN 125";1
675;99;2;1;"2025-04-02 12:41:42";25.00;"PARAFUSO COM PORCA/PRISIONEIRO P MOTO FA";1
676;99;2;1;"2025-04-02 14:41:50";60.00;"PARAFUSO DO EIXO MOTO FAN 125";1
677;99;2;1;"2025-04-02 16:04:33";20.00;"MONTAGEM DE PNEU FAN 125";1
678;99;2;1;"2025-04-02 16:57:31";20.00;"TRAVA DA COROA MOTO FAN 125";1
679;99;2;1;"2025-04-02 19:04:08";1300.00;FC;1
680;99;2;1;"2025-04-02 19:04:21";1.20;MOEDAS;1
681;99;2;1;"2025-04-02 19:52:55";3.20;PAO;1
682;99;2;1;"2025-04-02 19:57:33";1.60;"PAO DE MANHA";1
683;99;2;4;"2025-04-02 20:13:52";795.00;Crédito;0
684;99;2;3;"2025-04-02 20:13:52";235.00;Débito;0
685;99;2;6;"2025-04-02 20:13:52";1070.87;"Pix Chave";0
686;100;2;1;"2025-04-03 10:48:47";9.50;"ESTANHO DE SOLDA";1
687;100;2;1;"2025-04-03 10:49:24";6.00;"FITA ISOLANTE";1
688;100;2;1;"2025-04-03 14:35:41";1000.00;FC;1
689;100;2;1;"2025-04-03 15:38:02";1.00;"MATEUS DEPOSITO CRED CLIENTE";0
690;100;170;1;"2025-04-03 17:40:12";50.00;"COMBUSTIVEL MOTO FAN";1
691;100;170;1;"2025-04-03 19:15:49";500.00;FC;1
692;100;170;1;"2025-04-03 19:27:57";1.65;MOEDAS;1
693;100;2;4;"2025-04-03 19:50:02";590.00;Crédito;0
694;100;2;3;"2025-04-03 19:50:02";465.00;Débito;0
695;100;2;6;"2025-04-03 19:50:02";539.95;"Pix Chave";0
696;101;2;1;"2025-04-04 12:55:53";88.90;"99 -  CAIQUE - 27-28-29-30-31";1
697;101;2;1;"2025-04-04 14:59:10";1200.00;FC;1
698;101;2;1;"2025-04-04 20:10:19";3242.65;"FC-220     - c.crédito= 560,00  c.débito=1005,00--pix=1457,65";1
699;102;170;1;"2025-04-05 07:56:43";3.20;PAO;1
700;102;170;1;"2025-04-05 16:19:24";1900.00;FC;1
701;102;170;1;"2025-04-05 16:19:47";4.20;MOEDAS;1
702;102;170;1;"2025-04-05 19:00:57";80.00;GABRIEL;1
703;102;170;1;"2025-04-05 19:42:19";300.00;FC;1
704;102;170;4;"2025-04-05 20:03:29";470.00;Crédito;0
705;102;170;3;"2025-04-05 20:03:29";895.00;Débito;0
706;102;170;6;"2025-04-05 20:03:29";2650.00;"Pix Chave";0
707;103;170;1;"2025-04-06 09:43:38";2.40;PAO;1
708;103;170;1;"2025-04-06 11:09:30";50.00;"GASOLINA MOTO FAN";1
709;103;170;1;"2025-04-06 13:57:27";80.00;GABRIEL;1
710;103;170;1;"2025-04-06 13:57:39";50.00;VITOR;1
711;103;170;1;"2025-04-06 14:02:32";1100.00;"900 FC 200 vitor salario";1
712;103;170;1;"2025-04-06 14:02:54";1.60;MOEDAS;1
713;103;170;4;"2025-04-06 14:15:17";230.00;Crédito;0
714;103;170;3;"2025-04-06 14:15:17";465.00;Débito;0
715;103;170;6;"2025-04-06 14:15:17";115.00;"Pix Chave";0
716;104;2;1;"2025-04-07 08:45:28";3.20;PAO;1
717;104;2;1;"2025-04-07 10:23:27";1.00;"MATEUS . CRED CLIENTE";0
718;104;2;1;"2025-04-07 10:49:58";2000.00;FC;1
719;104;170;1;"2025-04-07 14:34:09";30.00;"CONSERTO DE PNEU strada";1
720;104;2;1;"2025-04-07 16:53:03";82.70;"PAO-2,70    Gabriel - 80,00";1
721;104;2;1;"2025-04-07 19:06:14";800.00;FC;1
722;104;2;1;"2025-04-07 19:07:44";1.10;"MOEDAS ";1
723;104;2;4;"2025-04-07 19:54:08";235.00;Crédito;0
724;104;2;3;"2025-04-07 19:54:08";710.00;Débito;0
725;104;2;6;"2025-04-07 19:54:08";2330.22;"Pix Chave";0
726;105;2;1;"2025-04-08 12:47:01";1000.00;FC;1
727;105;2;1;"2025-04-08 15:48:49";22.45;"Moto DYT0B29 - Reconhecimento recibo compra e venda";1
728;105;2;1;"2025-04-08 18:58:23";80.00;GABRIEL;1
729;105;2;1;"2025-04-08 19:14:33";350.00;FC;1
730;105;2;1;"2025-04-08 19:35:02";1.10;MOEDAS;1
731;105;2;1;"2025-04-08 19:36:10";5.40;PAO;1
732;105;2;4;"2025-04-08 19:52:30";120.00;Crédito;0
733;105;2;3;"2025-04-08 19:52:30";465.00;Débito;0
734;105;2;6;"2025-04-08 19:52:30";2151.07;"Pix Chave";0
735;106;2;1;"2025-04-09 08:27:47";3.20;PAO;1
736;106;2;1;"2025-04-09 14:28:36";1500.00;FC;1
737;106;2;1;"2025-04-09 14:36:26";20.50;"MONIQUE FEZ PIX";0
738;106;2;1;"2025-04-09 14:38:58";0.30;MOEDAS;0
739;106;2;4;"2025-04-09 14:39:14";115.00;Crédito;0
740;106;2;3;"2025-04-09 14:39:14";240.00;Débito;0
741;106;2;6;"2025-04-09 14:39:14";543.56;"Pix Chave";0
742;107;170;1;"2025-04-09 18:22:03";50.00;"GASOLINA-MOTO FAN";1
743;107;170;1;"2025-04-09 19:00:36";80.00;GABRIEL;1
744;107;170;1;"2025-04-09 19:29:56";700.00;FC;1
745;107;170;1;"2025-04-09 19:30:35";1.40;MOEDAS;1
746;107;170;3;"2025-04-09 19:41:57";140.00;Débito;0
747;107;170;6;"2025-04-09 19:41:57";185.00;"Pix Chave";0
748;108;2;1;"2025-04-10 12:27:27";185.00;"5 MANGUEIRAS P45 ---- 1 CAMISA LIQUIGAS";1
749;108;2;1;"2025-04-10 15:29:14";3.20;PAO;1
750;108;170;1;"2025-04-10 19:01:12";80.00;GABRIEL;1
751;108;170;1;"2025-04-10 19:18:25";700.00;FC;1
752;108;170;1;"2025-04-10 19:35:26";2.80;MOEDAS;1
753;108;2;4;"2025-04-10 19:44:07";355.00;Crédito;0
754;108;2;3;"2025-04-10 19:44:07";215.00;Débito;0
755;108;2;6;"2025-04-10 19:44:07";2817.42;"Pix Chave";0
756;109;2;1;"2025-04-11 09:19:01";1.60;PAO;0
757;109;2;1;"2025-04-11 10:57:46";200.00;"CASCO BOTIJAO";1
758;109;2;1;"2025-04-11 12:11:11";1000.00;FC;1
759;109;2;1;"2025-04-11 19:06:03";80.00;GABRIEL;0
760;109;2;1;"2025-04-11 19:06:15";650.00;FC;1
761;109;2;3;"2025-04-11 19:58:25";240.00;Débito;0
762;109;2;6;"2025-04-11 19:58:25";1327.20;"Pix Chave";0
763;110;2;1;"2025-04-12 14:01:10";1000.00;FC;1
764;110;170;1;"2025-04-12 19:00:02";84.00;"-80 GABRIEL 4,00-pão";0
765;110;170;1;"2025-04-12 19:25:09";450.00;FC;1
766;110;170;1;"2025-04-12 19:26:39";0.40;MOEDAS;1
767;110;2;4;"2025-04-12 19:34:13";560.00;Crédito;0
768;110;2;7;"2025-04-12 19:34:13";115.00;"credito 2x";0
769;110;2;3;"2025-04-12 19:34:13";220.00;Débito;0
770;110;2;6;"2025-04-12 19:34:13";1044.00;"Pix Chave";0
771;111;170;1;"2025-04-13 09:52:25";2.40;PAO;0
772;111;170;1;"2025-04-13 13:48:35";900.00;FC;1
773;111;170;1;"2025-04-13 13:49:39";2.60;MOEDAS;1
774;111;170;1;"2025-04-13 14:02:15";80.00;GABRIEL;0
775;111;170;4;"2025-04-13 14:21:43";120.00;Crédito;0
776;111;170;7;"2025-04-13 14:21:43";120.00;"credito 2x";0
777;111;170;3;"2025-04-13 14:21:43";475.00;Débito;0
778;111;170;6;"2025-04-13 14:21:43";1164.00;"Pix Chave";0
779;112;2;1;"2025-04-14 13:36:42";1000.00;FC;1
780;112;2;1;"2025-04-14 14:35:03";50.00;"GASOLINA MOTO FAN DYT0B29";0
781;112;2;1;"2025-04-14 14:38:06";400.00;FC;1
782;112;2;1;"2025-04-14 14:43:27";4.00;PAO;0
783;112;2;4;"2025-04-14 14:44:57";235.00;Crédito;0
784;112;2;3;"2025-04-14 14:44:57";120.00;Débito;0
785;112;2;6;"2025-04-14 14:44:57";2548.42;"Pix Chave";0
786;113;170;1;"2025-04-14 18:59:13";80.00;GABRIEL;0
787;113;170;1;"2025-04-14 19:12:24";200.00;FC;1
788;113;170;4;"2025-04-14 19:40:12";100.00;Crédito;0
789;113;170;7;"2025-04-14 19:40:12";235.00;"credito 2x";0
790;113;170;3;"2025-04-14 19:40:12";120.00;Débito;0
791;114;2;1;"2025-04-15 09:19:06";50.00;"GASOLINA STRADA";0
792;114;170;1;"2025-04-15 18:28:25";900.00;FC;1
793;114;2;1;"2025-04-15 18:29:44";4.80;MOEDAS;1
794;114;2;1;"2025-04-15 18:43:45";3.20;PAO;0
795;114;2;1;"2025-04-15 18:58:43";80.00;GABRIEL;0
796;114;2;4;"2025-04-15 19:54:30";360.00;Crédito;0
797;114;2;3;"2025-04-15 19:54:30";755.00;Débito;0
798;114;2;6;"2025-04-15 19:54:30";1149.11;"Pix Chave";0
799;115;2;1;"2025-04-16 09:17:12";4.80;PAO;0
800;115;2;1;"2025-04-16 18:59:19";80.00;GABRIEL;0
801;115;2;1;"2025-04-16 19:00:57";900.00;FC;1
802;115;2;1;"2025-04-16 19:02:09";4.15;MOEDAS;1
803;115;2;4;"2025-04-16 20:05:42";235.00;Crédito;0
804;115;2;3;"2025-04-16 20:05:42";370.00;Débito;0
805;115;2;6;"2025-04-16 20:05:42";452.00;"Pix Chave";0
806;116;2;1;"2025-04-17 08:38:39";4.80;PAO;1
807;116;2;1;"2025-04-17 19:01:25";45.00;"GABRIEL pegou 45,00 em dinheiro e 35,00 no pix";1
808;116;2;1;"2025-04-17 19:46:57";3250.00;FC;1
809;116;2;1;"2025-04-17 19:47:08";0.75;MOEDAS;1
810;116;2;4;"2025-04-17 19:55:08";235.00;Crédito;0
811;116;2;3;"2025-04-17 19:55:08";235.00;Débito;0
812;116;2;6;"2025-04-17 19:55:08";929.00;"Pix Chave";0
813;117;170;1;"2025-04-18 10:07:57";4.00;"PAO-3,20 moedas-0,80";1
814;117;170;1;"2025-04-18 13:55:36";240.00;"200 FC 40 Gabriel";1
815;117;170;4;"2025-04-18 14:14:56";350.00;Crédito;0
816;117;170;7;"2025-04-18 14:14:56";120.00;"credito 2x";0
817;117;170;3;"2025-04-18 14:14:56";475.00;Débito;0
818;117;170;6;"2025-04-18 14:14:56";627.00;"Pix Chave";0
819;118;1;1;"2025-04-18 18:13:32";76.00;"GASOLINA 12,901L R$ 6,29 MOTO BYK-9J79";0
820;118;1;1;"2025-04-18 20:02:05";120.00;"DIA GABRIEL";0
821;118;1;1;"2025-04-18 20:02:28";100.00;FC;0
822;118;1;4;"2025-04-18 20:03:08";230.00;Crédito;0
823;118;1;3;"2025-04-18 20:03:09";120.00;Débito;0
824;118;1;6;"2025-04-18 20:03:09";500.00;"Pix Chave";0
825;119;2;1;"2025-04-19 08:39:47";4.80;PAO;0
826;119;170;1;"2025-04-19 19:00:52";80.00;GABRIEL;0
827;119;2;1;"2025-04-19 19:12:00";600.00;FC;1
828;119;2;1;"2025-04-19 19:13:00";11.20;MOEDAS;1
829;119;2;1;"2025-04-19 19:18:00";150.00;FC;1
830;119;2;4;"2025-04-19 19:53:22";0.00;Crédito;0
831;119;2;3;"2025-04-19 19:53:22";715.00;Débito;0
832;119;2;6;"2025-04-19 19:53:22";3987.00;"Pix Chave";0
833;120;170;1;"2025-04-20 09:37:20";2.40;PAO;0
834;120;170;1;"2025-04-20 14:00:06";80.00;GABRIEL;0
835;120;170;1;"2025-04-20 14:00:31";50.00;VITOR;0
836;120;170;1;"2025-04-20 14:09:33";300.00;FC;1
837;120;170;4;"2025-04-20 14:22:10";825.00;Crédito;0
838;120;170;7;"2025-04-20 14:22:10";120.00;"credito 2x";0
839;120;170;3;"2025-04-20 14:22:10";350.00;Débito;0
840;120;170;6;"2025-04-20 14:22:10";635.00;"Pix Chave";0
841;121;2;1;"2025-04-21 13:44:22";4.40;PAO;0
842;121;2;1;"2025-04-21 13:50:55";700.00;FC;1
843;121;2;1;"2025-04-21 13:52:49";80.00;GABRIEL;0
844;121;2;1;"2025-04-21 13:53:07";1.60;MOEDAS;1
845;121;2;4;"2025-04-21 13:59:27";235.00;Crédito;0
846;121;2;3;"2025-04-21 13:59:27";230.00;Débito;0
847;121;2;6;"2025-04-21 13:59:27";202.00;"Pix Chave";0
848;122;2;1;"2025-04-22 08:22:44";45.60;"PAO -Gabriel pegou 40,00 p/ almoçar";0
849;122;2;1;"2025-04-22 13:01:54";3500.00;FC;1
850;122;2;1;"2025-04-22 14:30:09";0.40;"TROCO DO PAO";1
851;122;2;4;"2025-04-22 14:34:11";120.00;Crédito;0
852;122;2;7;"2025-04-22 14:34:11";120.00;"credito 2x";0
853;122;2;3;"2025-04-22 14:34:11";460.00;Débito;0
854;122;2;6;"2025-04-22 14:34:11";642.00;"Pix Chave";0
855;123;170;1;"2025-04-22 18:56:23";400.00;FC;1
856;123;170;1;"2025-04-22 19:04:27";40.00;GABRIEL;0
857;123;170;4;"2025-04-22 19:44:17";120.00;Crédito;0
858;123;170;3;"2025-04-22 19:44:17";240.00;Débito;0
859;123;170;6;"2025-04-22 19:44:17";729.00;"Pix Chave";0
860;124;2;1;"2025-04-23 09:07:48";4.80;PAO;0
861;124;2;1;"2025-04-23 13:39:45";400.00;FC;1
862;124;2;1;"2025-04-23 18:58:33";80.00;GABRIEL;0
863;124;2;1;"2025-04-23 19:14:08";200.00;FC;1
864;124;2;1;"2025-04-23 19:14:38";1.20;MOEDAS;1
865;124;2;4;"2025-04-23 19:52:35";230.00;Crédito;0
866;124;2;7;"2025-04-23 19:52:35";260.00;"credito 2x";0
867;124;2;3;"2025-04-23 19:52:35";480.00;Débito;0
868;124;2;6;"2025-04-23 19:52:35";1305.00;"Pix Chave";0
869;125;2;1;"2025-04-24 09:48:18";250.00;FC;1
870;125;2;1;"2025-04-24 15:49:12";1000.00;FC;1
871;125;170;1;"2025-04-24 19:09:11";84.80;"-80GABRIEL -pão 4,80";0
872;125;170;1;"2025-04-24 19:26:20";300.00;FC;1
873;125;170;1;"2025-04-24 19:31:51";1.25;MOEDAS;1
874;125;2;4;"2025-04-24 19:51:31";235.00;Crédito;0
875;125;2;3;"2025-04-24 19:51:31";595.00;Débito;0
876;125;2;6;"2025-04-24 19:51:31";1050.56;"Pix Chave";0
877;126;2;1;"2025-04-25 09:02:11";84.80;"PAO----4,80   Gabriel 80,00";0
878;126;2;1;"2025-04-25 18:48:54";1100.00;FC;1
879;126;2;1;"2025-04-25 18:49:45";1.20;MOEDAS;1
880;126;2;4;"2025-04-25 19:56:28";470.00;Crédito;0
881;126;2;3;"2025-04-25 19:56:28";115.00;Débito;0
882;126;2;6;"2025-04-25 19:56:28";1161.00;"Pix Chave";0
883;127;2;1;"2025-04-26 10:05:21";50.00;GASOLINA;0
884;127;2;1;"2025-04-26 10:09:46";86.40;"PAO----- Gabriel80,00";0
885;127;2;1;"2025-04-26 14:06:08";60.00;GASOLINA;0
886;127;2;1;"2025-04-26 15:02:53";1200.00;FC;1
887;127;2;1;"2025-04-26 19:12:29";15.00;"FIZ PIX MONIQUE ";1
888;127;2;1;"2025-04-26 19:24:09";250.00;FC;1
889;127;2;1;"2025-04-26 19:44:28";4.60;MOEDAS;1
890;127;2;4;"2025-04-26 19:57:18";240.00;Crédito;0
891;127;2;7;"2025-04-26 19:57:18";520.00;"credito 2x";0
892;127;2;3;"2025-04-26 19:57:18";715.00;Débito;0
893;127;2;6;"2025-04-26 19:57:18";2012.60;"Pix Chave";0
894;129;170;1;"2025-04-27 12:36:10";2.40;PAO;0
895;129;170;1;"2025-04-27 13:42:49";600.00;FC;1
896;129;170;1;"2025-04-27 13:43:34";0.60;MOEDAS;1
897;129;170;1;"2025-04-27 13:56:32";80.00;GABRIEL;0
898;129;170;1;"2025-04-27 13:59:06";50.00;VITOR;0
899;129;170;4;"2025-04-27 14:09:51";230.00;Crédito;0
900;129;170;3;"2025-04-27 14:09:51";950.00;Débito;0
901;129;170;6;"2025-04-27 14:09:51";294.00;"Pix Chave";0
902;130;2;1;"2025-04-28 08:47:29";3.20;PAO;0
903;130;2;1;"2025-04-28 09:03:09";2000.00;FC;1
904;130;2;1;"2025-04-28 19:21:30";750.00;FC;1
905;130;2;1;"2025-04-28 19:22:10";1.00;MOEDAS;1
906;130;2;1;"2025-04-28 19:45:17";80.00;GABRIEL;0
907;130;2;4;"2025-04-28 20:11:53";355.00;Crédito;0
908;130;2;3;"2025-04-28 20:11:53";560.00;Débito;0
909;130;2;6;"2025-04-28 20:11:53";1440.02;"Pix Chave";0
910;131;2;1;"2025-04-29 10:36:03";1.50;PAO;0
911;131;170;1;"2025-04-29 14:37:03";54.00;"OLEO HIDRAULICO OLEO MOTO";1
912;131;170;1;"2025-04-29 15:36:12";4.90;"FUNIL PARA COLCOCAR OLEO NA MOTO";0
913;131;2;1;"2025-04-29 18:59:31";80.00;GABRIEL;0
914;131;2;1;"2025-04-29 19:00:14";500.00;FC;1
915;131;2;1;"2025-04-29 19:54:12";1.60;MOEDAS;1
916;131;2;4;"2025-04-29 19:54:39";120.00;Crédito;0
917;131;2;3;"2025-04-29 19:54:39";235.00;Débito;0
918;131;2;6;"2025-04-29 19:54:39";1719.00;"Pix Chave";0
919;132;2;1;"2025-04-30 09:25:03";1.60;PAO;0
920;132;170;1;"2025-04-30 19:00:13";80.00;GABRIEL;0
921;132;170;1;"2025-04-30 19:22:02";950.00;FC;1
922;132;170;1;"2025-04-30 19:22:53";0.25;MOEDAS;1
923;132;2;3;"2025-04-30 19:44:39";930.00;Débito;0
924;132;2;6;"2025-04-30 19:44:39";2459.44;"Pix Chave";0
925;133;170;1;"2025-05-01 08:17:52";3.20;PAO;0
926;133;170;1;"2025-05-01 13:40:41";900.00;FC;1
927;133;170;1;"2025-05-01 14:11:29";80.00;GABRIEL;0
928;133;170;1;"2025-05-01 14:11:47";80.00;VITOR;0
929;133;170;1;"2025-05-01 14:13:00";100.00;FC;1
930;133;170;1;"2025-05-01 14:14:36";1.60;MOEDAS;1
931;133;170;1;"2025-05-01 14:41:32";380.00;FC;1
932;133;170;3;"2025-05-01 14:42:33";1155.00;Débito;0
933;133;170;6;"2025-05-01 14:42:33";1060.00;"Pix Chave";0
934;134;170;3;"2025-05-01 14:53:28";115.00;Débito;0
935;135;2;1;"2025-05-02 08:45:08";6.40;PAO;0
936;135;2;1;"2025-05-02 12:45:14";1500.00;FC;1
937;135;170;1;"2025-05-02 16:21:48";60.00;"GASOLINA MOTO";0
938;135;170;1;"2025-05-02 18:59:30";30.00;GABRIEL;0
939;135;170;1;"2025-05-02 19:29:45";450.00;FC;1
940;135;170;1;"2025-05-02 19:31:14";4.60;MOEDAS;1
941;135;2;4;"2025-05-02 19:58:30";460.00;Crédito;0
942;135;2;3;"2025-05-02 19:58:30";905.00;Débito;0
943;135;2;6;"2025-05-02 19:58:30";1138.57;"Pix Chave";0
944;136;2;1;"2025-05-03 10:37:05";4.80;PAO;0
945;136;170;1;"2025-05-03 19:15:47";1150.00;FC;1
946;136;170;1;"2025-05-03 19:17:48";2.20;MOEDAS;1
947;136;2;4;"2025-05-03 19:56:59";290.00;Crédito;0
948;136;2;3;"2025-05-03 19:56:59";475.00;Débito;0
949;136;2;6;"2025-05-03 19:56:59";2438.00;"Pix Chave";0
950;137;170;1;"2025-05-04 13:55:53";500.00;FC;1
951;137;170;1;"2025-05-04 13:58:34";80.00;VITOR;0
952;137;170;4;"2025-05-04 14:05:55";590.00;Crédito;0
953;137;170;3;"2025-05-04 14:05:55";115.00;Débito;0
954;137;170;6;"2025-05-04 14:05:55";816.00;"Pix Chave";0
955;138;2;1;"2025-05-05 11:21:25";1500.00;FC;1
956;138;2;1;"2025-05-05 19:50:23";650.00;FC;1
957;138;2;1;"2025-05-05 19:50:42";1.65;MOEDAS;1
958;138;2;4;"2025-05-05 20:07:18";235.00;Crédito;0
959;138;2;7;"2025-05-05 20:07:18";130.00;"credito 2x";0
960;138;2;3;"2025-05-05 20:07:18";450.00;Débito;0
961;138;2;6;"2025-05-05 20:07:18";3371.55;"Pix Chave";0
962;139;2;1;"2025-05-06 08:53:33";6.40;PAO;0
